shin,kyu,code_point_shin,code_point_kyu,shin_sources,kyu_sources,note,,,,
𢭐,撈,[142160],[25736],,kd2,,,,,
䦰,鬮,[18864],[39726],,jmdict,kd2,mozc,,,
万,萬,[19975],[33836],jmdict,kd2,mozc,jmdict,kd2,mozc,
丈,丈󠄁,[19976],U+4E08 (19976)+U+E0101 (917761),jmdict,kd2,mozc,,,,corrected
与,與,[19982],[33287],jmdict,kd2,mozc,kd2,mozc,,
両,兩,[20001],[20841],jmdict,kd2,mozc,kd2,,,
並,竝,[20006],[31453],jmdict,kd2,mozc,kd2,,,
乗,乘,[20055],[20056],jmdict,kd2,mozc,kd2,mozc,,
乱,亂,[20081],[20098],jmdict,kd2,mozc,kd2,mozc,,
亀,龜,[20096],[20098],jmdict,kd2,mozc,jmdict,kd2,mozc,
予,豫,[20104],[35947],jmdict,kd2,mozc,kd2,mozc,,
争,爭,[20105],[29229],jmdict,kd2,mozc,kd2,mozc,,
亜,亞,[20124],[20126],jmdict,kd2,mozc,kd2,mozc,,
仏,佛,[20175],兎,jmdict,mozc,jmdict,kd2,mozc,,
仮,假,[20206],[20551],jmdict,kd2,mozc,kd2,,,
会,會,[20250],[26371],jmdict,kd2,mozc,kd2,mozc,,
伝,傳,[20253],[20659],jmdict,kd2,mozc,kd2,mozc,,
体,體,[20307],[39636],jmdict,kd2,mozc,kd2,,,
余,餘,[20313],[39192],jmdict,kd2,mozc,jmdict,kd2,,
併,倂,[20341],[20482],jmdict,kd2,mozc,kd2,,,
侠,俠,[20384],[20448],jmdict,kd2,mozc,kd2,mozc,,
価,價,[20385],[20729],jmdict,kd2,mozc,kd2,,,
侭,儘,[20397],[20760],jmdict,kd2,mozc,jmdict,kd2,mozc,
倶,俱,[20534],[20465],jmdict,kd2,mozc,kd2,,,
倹,儉,[20537],[20745],jmdict,kd2,mozc,kd2,mozc,,
偽,僞,[20605],[20702],jmdict,kd2,mozc,kd2,mozc,,
児,兒,[20816],[20818],jmdict,kd2,mozc,kd2,,,
党,黨,[20826],[40680],jmdict,kd2,mozc,kd2,mozc,,
内,內,[20869],[20839],jmdict,kd2,mozc,,,,
円,圓,[20870],[22291],jmdict,kd2,mozc,jmdict,kd2,mozc,
冊,册,[20874],[20876],jmdict,kd2,mozc,kd2,mozc,,
写,寫,[20889],[23531],jmdict,kd2,mozc,kd2,mozc,,
冴,冴󠄂,[20916],U+51B4 (20916) + U+E0102 (917762),jmdict,kd2,mozc,jmdict,kd2,mozc,corrected
凜,凛,[20956],[20955],jmdict,kd2,mozc,jmdict,kd2,mozc,
処,處,[20966],[34389],jmdict,kd2,mozc,kd2,mozc,,
刃,刃󠄁,[20995],U+5203 (20995) + U+E0101 (917761),jmdict,kd2,mozc,kd2,mozc,,corrected
剣,劍,[21091],[21133],jmdict,mozc,jmdict,,,,
剤,劑,[21092],[21137],jmdict,kd2,mozc,kd2,mozc,,
剥,剝,[21093],[21085],jmdict,kd2,mozc,jmdict,kd2,mozc,
剰,剩,[21104],[21097],jmdict,kd2,mozc,kd2,mozc,,
励,勵,[21169],[21237],jmdict,kd2,mozc,kd2,mozc,,
労,勞,[21172],[21214],jmdict,kd2,mozc,kd2,mozc,,
効,效,[21177],[25928],jmdict,kd2,mozc,kd2,mozc,,
勅,敕,[21189],[25941],jmdict,kd2,mozc,kd2,,,
勧,勸,[21223],[21240],jmdict,kd2,mozc,kd2,mozc,,
勲,勳,[21234],[21235],jmdict,kd2,mozc,kd2,mozc,,
区,區,[21306],[21312],jmdict,kd2,mozc,kd2,,,
医,醫,[21307],[37291],jmdict,kd2,mozc,kd2,,,
単,單,[21336],[21934],jmdict,mozc,kd2,,,,
即,卽,[21363],[21373],jmdict,mozc,kd2,,,,
厳,嚴,[21427],[22196],jmdict,kd2,mozc,kd2,mozc,,
参,參,[21442],[21443],jmdict,kd2,mozc,jmdict,kd2,mozc,
双,雙,[21452],[38617],jmdict,kd2,mozc,kd2,,,
収,收,[21454],[25910],jmdict,kd2,mozc,kd2,mozc,,
叙,敍,[21465],[25933],jmdict,kd2,mozc,kd2,mozc,,
台,臺,[21488],[33274],jmdict,kd2,mozc,kd2,mozc,,
号,號,[21495],[34399],jmdict,kd2,mozc,jmdict,kd2,,
呉,吳,[21577],[21555],jmdict,kd2,mozc,,,,
告,吿,[21578],[21567],jmdict,kd2,mozc,,,,
唖,啞,[21782],[21854],jmdict,kd2,mozc,kd2,mozc,,
営,營,[21942],[29151],jmdict,kd2,mozc,kd2,,,
嘘,噓,[22040],[22099],jmdict,kd2,mozc,jmdict,kd2,mozc,
嘱,囑,[22065],[22225],jmdict,kd2,mozc,kd2,,,
噛,嚙,[22107],[22169],jmdict,kd2,mozc,jmdict,kd2,mozc,
嚢,囊,[22178],[22218],jmdict,kd2,kd2,,,,
団,團,[22243],[22296],jmdict,kd2,mozc,kd2,mozc,,
囲,圍,[22258],[22285],jmdict,kd2,mozc,kd2,mozc,,
図,圖,[22259],[22294],jmdict,kd2,mozc,jmdict,kd2,,
国,國,[22269],[22283],jmdict,kd2,mozc,jmdict,kd2,mozc,
圏,圈,[22287],[22280],jmdict,kd2,mozc,kd2,,,
圧,壓,[22311],[22739],jmdict,kd2,mozc,kd2,,,
堕,墮,[22549],[22702],jmdict,kd2,mozc,kd2,,,
塁,壘,[22593],[22744],jmdict,kd2,mozc,kd2,,,
塩,鹽,[22633],[40573],jmdict,mozc,kd2,,,,
填,塡,[22635],[22625],jmdict,kd2,mozc,jmdict,kd2,mozc,
増,增,[22679],[22686],jmdict,kd2,mozc,kd2,,,
壊,壞,[22730],[22750],jmdict,kd2,mozc,kd2,,,
壌,壤,[22732],[22756],kd2,kd2,,,,,
壮,壯,[22766],[22767],jmdict,kd2,mozc,kd2,mozc,,
声,聲,[22768],[32882],jmdict,kd2,mozc,jmdict,kd2,mozc,
壱,壹,[22769],[22777],jmdict,kd2,mozc,jmdict,kd2,,
売,賣,[22770],[36067],jmdict,kd2,mozc,kd2,mozc,,
壷,壺,[22775],[22778],jmdict,mozc,jmdict,mozc,,,
変,變,[22793],[35722],jmdict,mozc,kd2,,,,
奥,奧,[22885],[22887],jmdict,kd2,mozc,kd2,mozc,,
奨,奬,[22888],[22892],jmdict,kd2,mozc,kd2,mozc,,
妊,姙,[22922],[23001],jmdict,kd2,mozc,kd2,,,
娯,娛,[23087],[23067],kd2,,,,,,
嬢,孃,[23330],[23363],jmdict,kd2,mozc,kd2,,,
学,學,[23398],[23416],jmdict,kd2,mozc,kd2,mozc,,
宝,寶,[23453],[23542],jmdict,kd2,mozc,jmdict,kd2,mozc,
実,實,[23455],[23526],jmdict,kd2,mozc,kd2,mozc,,
寛,寬,[23515],[23532],jmdict,kd2,mozc,kd2,mozc,,
寝,寢,[23517],[23522],jmdict,kd2,mozc,kd2,mozc,,
対,對,[23550],[23565],jmdict,kd2,mozc,jmdict,kd2,,
寿,壽,[23551],[22781],jmdict,kd2,mozc,jmdict,kd2,mozc,
専,專,[23554],[23560],jmdict,mozc,kd2,mozc,,,
将,將,[23558],[23559],jmdict,kd2,mozc,kd2,mozc,,
尚,尙,[23578],[23577],jmdict,kd2,mozc,,,,
尭,堯,[23597],[22575],kd2,mozc,kd2,mozc,,,
尽,盡,[23613],[30433],jmdict,kd2,mozc,kd2,mozc,,
届,屆,[23626],[23622],jmdict,kd2,mozc,jmdict,kd2,,
屏,屛,[23631],[23643],jmdict,kd2,mozc,kd2,mozc,,
属,屬,[23646],[23660],jmdict,kd2,mozc,kd2,,,
屡,屢,[23649],[23650],jmdict,kd2,mozc,kd2,mozc,,
岳,嶽,[23731],[23997],jmdict,kd2,mozc,jmdict,kd2,mozc,
峡,峽,[23777],[23805],jmdict,kd2,mozc,jmdict,kd2,,
巌,巖,[24012],[24022],jmdict,kd2,mozc,jmdict,kd2,mozc,
巣,巢,[24035],[24034],jmdict,kd2,mozc,kd2,,,
巻,卷,[24059],[21367],jmdict,kd2,mozc,kd2,mozc,,
帯,帶,[24111],[24118],jmdict,kd2,mozc,kd2,mozc,,
帰,歸,[24112],[27512],jmdict,kd2,mozc,kd2,mozc,,
并,幷,[24182],[24183],kd2,mozc,kd2,mozc,,,
庁,廳,[24193],[24307],jmdict,kd2,mozc,kd2,mozc,,
広,廣,[24195],[24291],jmdict,kd2,mozc,kd2,mozc,,
廃,廢,[24259],[24290],jmdict,kd2,mozc,jmdict,kd2,,
弁,瓣,[24321],[29923],jmdict,kd2,mozc,jmdict,kd2,,
弁,辯,[24321],[36783],jmdict,kd2,mozc,jmdict,kd2,mozc,
弁,辨,[24321],[36776],jmdict,kd2,mozc,jmdict,kd2,mozc,
弐,貳,[24336],[36019],jmdict,kd2,mozc,jmdict,kd2,mozc,
弥,彌,[24357],[24396],jmdict,kd2,mozc,kd2,mozc,,
弯,彎,[24367],[24398],kd2,kd2,,,,,
弾,彈,[24382],[24392],jmdict,kd2,mozc,kd2,mozc,,
当,當,[24403],[30070],jmdict,kd2,mozc,kd2,mozc,,
彦,彥,[24422],[24421],jmdict,kd2,mozc,,,,
径,徑,[24452],[24465],jmdict,kd2,mozc,kd2,,,
従,從,[24467],[24478],jmdict,kd2,mozc,kd2,mozc,,
徳,德,[24499],[24503],jmdict,kd2,mozc,kd2,,,
徴,徵,[24500],[24501],jmdict,mozc,kd2,,,,
応,應,[24540],[25033],jmdict,kd2,mozc,kd2,mozc,,
恋,戀,[24651],[25088],jmdict,kd2,mozc,jmdict,kd2,mozc,
恒,恆,[24658],[24646],jmdict,kd2,mozc,kd2,mozc,,
恵,惠,[24693],[24800],jmdict,kd2,mozc,kd2,mozc,,
悦,悅,[24742],[24709],jmdict,kd2,mozc,,,,
悩,惱,[24745],[24817],jmdict,kd2,mozc,kd2,,,
悪,惡,[24746],[24801],jmdict,kd2,mozc,jmdict,kd2,mozc,
惨,慘,[24808],[24920],jmdict,kd2,mozc,kd2,,,
慎,愼,[24910],[24892],jmdict,kd2,mozc,kd2,mozc,,
懐,懷,[25040],[25079],jmdict,kd2,mozc,kd2,mozc,,
戦,戰,[25126],[25136],jmdict,kd2,mozc,kd2,mozc,,
戯,戲,[25135],[25138],jmdict,kd2,mozc,jmdict,kd2,mozc,
戸,戶,[25144],[25142],jmdict,kd2,mozc,,,,
戻,戾,[25147],[25150],jmdict,kd2,mozc,kd2,,,
払,拂,[25173],[25282],jmdict,kd2,mozc,kd2,mozc,,
抜,拔,[25244],[25300],jmdict,kd2,mozc,kd2,mozc,,
択,擇,[25246],[25799],jmdict,mozc,kd2,,,,
担,擔,[25285],[25812],jmdict,kd2,mozc,kd2,,,
拝,拜,[25309],[25308],jmdict,kd2,mozc,kd2,mozc,,
拠,據,[25312],[25818],jmdict,kd2,mozc,kd2,,,
拡,擴,[25313],[25844],jmdict,kd2,mozc,kd2,,,
挙,擧,[25369],[25831],jmdict,kd2,mozc,kd2,mozc,,
挟,挾,[25375],[25406],jmdict,kd2,mozc,jmdict,kd2,mozc,
挿,插,[25407],[25554],jmdict,kd2,mozc,kd2,,,
捜,搜,[25436],[25628],jmdict,kd2,mozc,kd2,mozc,,
掲,揭,[25522],[25581],jmdict,kd2,mozc,kd2,,,
掴,摑,[25524],[25681],jmdict,kd2,mozc,jmdict,kd2,mozc,
掻,搔,[25531],[25620],jmdict,kd2,mozc,jmdict,kd2,mozc,
揺,搖,[25594],[25622],jmdict,kd2,mozc,kd2,mozc,,
摂,攝,[25666],[25885],jmdict,kd2,mozc,kd2,mozc,,
撃,擊,[25731],[25802],jmdict,kd2,mozc,kd2,,,
撹,攪,[25785],[25898],kd2,mozc,kd2,mozc,,,
攅,攢,[25861],[25890],kd2,kd2,,,,,
数,數,[25968],[25976],jmdict,kd2,mozc,kd2,mozc,,
斉,齊,[25993],[40778],jmdict,kd2,mozc,jmdict,kd2,mozc,
斎,齋,[25998],[40779],jmdict,kd2,mozc,kd2,mozc,,
断,斷,[26029],[26039],jmdict,kd2,mozc,kd2,,,
旧,舊,[26087],[33290],jmdict,mozc,kd2,,,,
昼,晝,[26172],[26205],jmdict,kd2,mozc,jmdict,kd2,,
晋,晉,[26187],[26185],jmdict,kd2,mozc,kd2,mozc,,
晩,晚,[26217],[26202],jmdict,mozc,kd2,,,,
暁,曉,[26241],[26313],jmdict,kd2,mozc,jmdict,kd2,mozc,
暦,曆,[26278],[26310],jmdict,kd2,mozc,kd2,,,
曽,曾,[26365],[26366],jmdict,kd2,mozc,jmdict,kd2,mozc,
条,條,[26465],[26781],jmdict,kd2,mozc,kd2,mozc,,
来,來,[26469],[20358],jmdict,kd2,mozc,kd2,mozc,,
枢,樞,[26530],[27166],jmdict,kd2,mozc,kd2,,,
栄,榮,[26628],[27054],jmdict,kd2,mozc,kd2,mozc,,
桜,櫻,[26716],[27387],jmdict,kd2,mozc,kd2,mozc,,
桟,棧,[26719],[26855],jmdict,kd2,mozc,kd2,mozc,,
桧,檜,[26727],[27292],jmdict,kd2,mozc,jmdict,kd2,mozc,
棚,棚󠄁,[26842],[U+68DA (26842) U+E0101 (917761)],jmdict,kd2,mozc,,,,corrected
検,檢,[26908],[27298],jmdict,kd2,mozc,kd2,mozc,,
楼,樓,[27004],[27155],jmdict,kd2,mozc,jmdict,kd2,,
楽,樂,[27005],[27138],jmdict,kd2,mozc,kd2,mozc,,
概,槪,[27010],[27114],jmdict,mozc,kd2,,,,
様,樣,[27096],[27171],jmdict,kd2,mozc,kd2,,,
槙,槇,[27097],[27079],jmdict,kd2,mozc,jmdict,kd2,mozc,
権,權,[27177],[27402],jmdict,kd2,mozc,kd2,mozc,,
横,橫,[27178],[27243],jmdict,kd2,mozc,kd2,,,
欠,缺,[27424],[32570],jmdict,kd2,mozc,jmdict,kd2,mozc,
欧,歐,[27431],[27472],jmdict,kd2,mozc,kd2,mozc,,
歓,歡,[27475],[27489],jmdict,kd2,mozc,kd2,,,
歩,步,[27497],[27493],jmdict,kd2,mozc,kd2,,,
歯,齒,[27503],[40786],jmdict,kd2,mozc,jmdict,kd2,,
歴,歷,[27508],[27511],jmdict,kd2,mozc,,,,
残,殘,[27531],[27544],jmdict,kd2,mozc,kd2,,,
殴,毆,[27572],[27590],jmdict,kd2,mozc,kd2,,,
殻,殼,[27579],[27580],jmdict,kd2,mozc,kd2,,,
毎,每,[27598],[27599],jmdict,kd2,mozc,kd2,,,
気,氣,[27671],[27683],jmdict,kd2,mozc,jmdict,kd2,mozc,
没,沒,[27809],[27794],jmdict,kd2,mozc,kd2,mozc,,
沢,澤,[27810],[28580],jmdict,kd2,mozc,kd2,mozc,,
沪,濾,[27818],[28670],,jmdict,kd2,mozc,,,
浄,淨,[27972],[28136],jmdict,kd2,mozc,kd2,mozc,,
浅,淺,[27973],[28154],jmdict,kd2,mozc,kd2,mozc,,
浜,濱,[27996],[28657],jmdict,kd2,mozc,kd2,mozc,,
涙,淚,[28057],[28122],jmdict,kd2,mozc,kd2,,,
涛,濤,[28059],[28644],kd2,mozc,jmdict,kd2,mozc,,
涜,瀆,[28060],[28678],kd2,mozc,kd2,mozc,,,
清,淸,[28165],[28152],jmdict,kd2,mozc,,,,
渇,渴,[28167],[28212],jmdict,mozc,kd2,,,,
済,濟,[28168],[28639],jmdict,kd2,mozc,kd2,,,
渉,涉,[28169],[28041],kd2,mozc,kd2,,,,
渋,澁,[28171],[28545],jmdict,kd2,mozc,kd2,mozc,,
渓,溪,[28179],[28330],jmdict,kd2,mozc,kd2,mozc,,
温,溫,[28201],[28331],jmdict,kd2,mozc,kd2,,,
湾,灣,[28286],[28771],jmdict,kd2,mozc,kd2,,,
湿,濕,[28287],[28629],jmdict,kd2,mozc,kd2,mozc,,
満,滿,[28288],[28415],jmdict,kd2,mozc,kd2,mozc,,
溌,潑,[28300],[28497],kd2,mozc,kd2,mozc,,,
滝,瀧,[28381],[28711],jmdict,kd2,mozc,jmdict,kd2,mozc,
滞,滯,[28382],[28399],jmdict,kd2,mozc,kd2,mozc,,
潅,灌,[28485],[28748],jmdict,kd2,mozc,jmdict,kd2,mozc,
潜,潛,[28508],[28507],jmdict,kd2,mozc,jmdict,kd2,,
瀬,瀨,[28716],[28712],jmdict,kd2,mozc,kd2,,,
灯,燈,[28783],[29128],jmdict,kd2,mozc,jmdict,kd2,mozc,
炉,爐,[28809],[29200],jmdict,kd2,mozc,kd2,,,
点,點,[28857],[40670],jmdict,kd2,mozc,kd2,mozc,,
為,爲,[28858],[29234],jmdict,kd2,mozc,jmdict,kd2,mozc,
焔,焰,[28948],[28976],jmdict,kd2,mozc,kd2,mozc,,
焼,燒,[28988],[29138],jmdict,kd2,mozc,kd2,mozc,,
犠,犧,[29344],[29351],kd2,kd2,,,,,
状,狀,[29366],[29376],jmdict,mozc,kd2,,,,
独,獨,[29420],[29544],jmdict,kd2,mozc,kd2,,,
狭,狹,[29421],[29433],jmdict,kd2,mozc,kd2,mozc,,
猟,獵,[29471],[29557],jmdict,mozc,kd2,mozc,,,
献,獻,[29486],[29563],jmdict,kd2,mozc,kd2,,,
獣,獸,[29539],[29560],jmdict,mozc,kd2,,,,
瑶,瑤,[29814],[29796],kd2,mozc,kd2,mozc,,,
瓶,甁,[29942],[29953],jmdict,kd2,mozc,kd2,,,
産,產,[29987],[29986],jmdict,kd2,mozc,,,,
画,畫,[30011],[30059],jmdict,kd2,mozc,kd2,mozc,,
畳,疊,[30067],[30090],jmdict,kd2,mozc,jmdict,kd2,mozc,
痩,瘦,[30185],[30246],jmdict,kd2,mozc,kd2,,,
痴,癡,[30196],[30305],jmdict,kd2,mozc,jmdict,kd2,,
発,發,[30330],[30332],jmdict,kd2,mozc,jmdict,kd2,,
盗,盜,[30423],[30428],jmdict,kd2,mozc,kd2,mozc,,
県,縣,[30476],[32291],jmdict,kd2,mozc,jmdict,kd2,mozc,
真,眞,[30495],[30494],jmdict,kd2,mozc,kd2,mozc,,
著,著,[33879],[64095],jmdict,kd2,mozc,jmdict,kd2,mozc,
研,硏,[30740],[30799],jmdict,kd2,mozc,kd2,,,
砕,碎,[30741],[30862],jmdict,kd2,mozc,kd2,mozc,,
砺,礪,[30778],[31018],kd2,mozc,kd2,mozc,,,
砿,礦,[30783],[31014],kd2,kd2,,,,,
礼,禮,[31036],[31150],jmdict,kd2,mozc,kd2,mozc,,
祢,禰,[31074],[31152],kd2,kd2,mozc,,,,
祷,禱,[31095],[31153],jmdict,kd2,mozc,jmdict,kd2,mozc,
禄,祿,[31108],[31103],jmdict,kd2,mozc,jmdict,kd2,mozc,
禅,禪,[31109],[31146],jmdict,kd2,mozc,jmdict,kd2,mozc,
秘,祕,[31192],[31061],jmdict,kd2,mozc,kd2,mozc,,
称,稱,[31216],[31281],jmdict,kd2,mozc,kd2,,,
税,稅,[31246],[31237],jmdict,kd2,mozc,,,,
稲,稻,[31282],[31291],jmdict,kd2,mozc,jmdict,kd2,,
穂,穗,[31298],[31319],jmdict,kd2,mozc,jmdict,kd2,mozc,
穏,穩,[31311],[31337],jmdict,kd2,mozc,kd2,,,
穐,龝,[31312],[40861],kd2,kd2,,,,,
穣,穰,[31331],[31344],jmdict,kd2,mozc,kd2,mozc,,
窃,竊,[31363],[31434],jmdict,kd2,mozc,kd2,,,
竃,竈,[31427],[31432],jmdict,kd2,mozc,jmdict,kd2,mozc,
竜,龍,[31452],[40845],jmdict,kd2,mozc,jmdict,kd2,mozc,
箪,簞,[31658],[31774],kd2,kd2,,,,,
篭,籠,[31725],[31840],jmdict,kd2,mozc,jmdict,kd2,mozc,
廉,廉,[24265],[63906],jmdict,kd2,mozc,jmdict,kd2,mozc,corrected
粋,粹,[31883],[31929],jmdict,mozc,kd2,,,,
粛,肅,[31899],[32901],jmdict,kd2,mozc,kd2,,,
糸,絲,[31992],[32114],jmdict,mozc,kd2,,,,
経,經,[32076],[32147],jmdict,kd2,mozc,kd2,mozc,,
絵,繪,[32117],[32362],jmdict,kd2,mozc,kd2,mozc,,
絶,絕,[32118],[32085],jmdict,mozc,,,,,
継,繼,[32153],[32380],jmdict,kd2,mozc,kd2,,,
続,續,[32154],[32396],jmdict,kd2,mozc,kd2,mozc,,
総,總,[32207],[32317],jmdict,kd2,mozc,kd2,mozc,,
緑,綠,[32209],[32160],jmdict,kd2,mozc,kd2,,,
緒,緖,[32210],[32214],jmdict,kd2,mozc,kd2,,,
縁,緣,[32257],[32227],jmdict,mozc,kd2,,,,
縄,繩,[32260],[32361],jmdict,kd2,mozc,jmdict,kd2,mozc,
縦,縱,[32294],[32305],jmdict,kd2,mozc,kd2,,,
繊,纖,[32330],[32406],jmdict,kd2,,,,,
繋,繫,[32331],[32363],jmdict,kd2,mozc,jmdict,kd2,mozc,
繍,繡,[32333],[32353],kd2,kd2,,,,,
缶,罐,[32566],[32592],jmdict,kd2,mozc,jmdict,kd2,mozc,
翻,飜,[32763],[39132],jmdict,kd2,mozc,jmdict,kd2,mozc,
聡,聰,[32865],[32880],jmdict,kd2,mozc,kd2,mozc,,
聴,聽,[32884],[32893],jmdict,kd2,mozc,kd2,mozc,,
胆,膽,[32966],[33213],jmdict,kd2,mozc,kd2,,,
脱,脫,[33073],[33067],jmdict,mozc,,,,,
脳,腦,[33075],[33126],jmdict,kd2,mozc,kd2,,,
臓,臟,[33235],[33247],jmdict,kd2,mozc,kd2,,,
舎,舍,[33294],[33293],jmdict,kd2,mozc,kd2,,,
舗,舖,[33303],[33302],jmdict,kd2,kd2,,,,
艶,艷,[33398],[33399],jmdict,kd2,mozc,jmdict,kd2,mozc,
芦,蘆,[33446],[34310],jmdict,kd2,mozc,jmdict,kd2,mozc,
芸,藝,[33464],[34269],jmdict,kd2,mozc,jmdict,kd2,mozc,
茎,莖,[33550],[33686],jmdict,kd2,mozc,kd2,,,
荘,莊,[33624],[33674],jmdict,kd2,mozc,kd2,mozc,,
莱,萊,[33713],[33802],kd2,kd2,,,,,
蒋,蔣,[33931],[34083],kd2,mozc,kd2,mozc,,,
蔵,藏,[34101],[34255],jmdict,kd2,mozc,kd2,mozc,,
薫,薰,[34219],[34224],jmdict,kd2,mozc,kd2,,,
薬,藥,[34220],[34277],jmdict,kd2,mozc,kd2,,,
薮,藪,[34222],[34282],jmdict,kd2,mozc,jmdict,kd2,mozc,
虚,虛,[34394],[34395],jmdict,kd2,mozc,kd2,,,
虫,蟲,[34411],[34802],jmdict,kd2,mozc,jmdict,kd2,,
蚕,蠶,[34453],[34870],jmdict,kd2,mozc,jmdict,kd2,,
蛍,螢,[34509],[34722],jmdict,kd2,mozc,jmdict,kd2,mozc,
蛎,蠣,[34510],[34851],kd2,mozc,jmdict,kd2,mozc,,
蛮,蠻,[34542],[34875],jmdict,kd2,mozc,kd2,,,
蝉,蟬,[34633],[34796],jmdict,kd2,mozc,jmdict,kd2,mozc,
蝋,蠟,[34635],[34847],jmdict,kd2,mozc,kd2,mozc,,
蝿,蠅,[34687],[34821],jmdict,kd2,mozc,jmdict,kd2,mozc,
衛,衞,[34907],[34910],kd2,mozc,kd2,mozc,,,
装,裝,[35013],[35037],jmdict,kd2,mozc,kd2,mozc,,
褒,襃,[35090],[35139],jmdict,kd2,mozc,kd2,,,
覇,霸,[35207],[38712],jmdict,kd2,mozc,kd2,,,
覚,覺,[35226],[35258],jmdict,kd2,mozc,kd2,mozc,,
覧,覽,[35239],[35261],jmdict,kd2,mozc,kd2,mozc,,
観,觀,[35251],[35264],jmdict,kd2,mozc,kd2,mozc,,
触,觸,[35302],[35320],jmdict,kd2,mozc,kd2,mozc,,
訳,譯,[35379],[35695],jmdict,mozc,kd2,,,,
証,證,[35388],[35657],jmdict,mozc,kd2,mozc,,,
誉,譽,[35465],[35709],jmdict,kd2,mozc,kd2,mozc,,
説,說,[35500],[35498],jmdict,kd2,mozc,,,,
読,讀,[35501],[35712],jmdict,kd2,mozc,kd2,mozc,,
諌,諫,[35532],[35563],jmdict,kd2,mozc,jmdict,kd2,mozc,
謡,謠,[35617],[35616],jmdict,kd2,mozc,kd2,mozc,,
譲,讓,[35698],[35731],jmdict,kd2,mozc,kd2,mozc,,
豊,豐,[35914],[35920],jmdict,kd2,mozc,kd2,,,
賎,賤,[36046],[36068],kd2,mozc,jmdict,kd2,mozc,,
賛,贊,[36059],[36106],jmdict,kd2,mozc,kd2,,,
践,踐,[36341],[36368],jmdict,kd2,mozc,kd2,,,
躯,軀,[36527],[36544],jmdict,mozc,kd2,mozc,,,
転,轉,[36578],[36681],jmdict,kd2,mozc,kd2,mozc,,
軽,輕,[36605],[36629],jmdict,kd2,mozc,kd2,,,
辞,辭,[36766],[36781],jmdict,mozc,kd2,,,,
辺,邊,[36794],[37002],jmdict,kd2,mozc,kd2,mozc,,
迩,邇,[36841],[36999],kd2,mozc,kd2,mozc,,,
逓,遞,[36883],[36958],kd2,mozc,kd2,,,,
遅,遲,[36933],[36978],jmdict,kd2,mozc,kd2,,,
遥,遙,[36965],[36953],jmdict,kd2,mozc,jmdict,kd2,mozc,
郎,郞,[37070],[37086],jmdict,kd2,mozc,kd2,,,
郷,鄕,[37111],[37141],jmdict,kd2,mozc,kd2,,,
酔,醉,[37204],[37257],jmdict,kd2,mozc,kd2,mozc,,
醗,醱,[37271],[37297],kd2,mozc,kd2,mozc,,,
醤,醬,[37284],[37292],jmdict,kd2,mozc,kd2,mozc,,
醸,釀,[37304],[37312],jmdict,kd2,mozc,kd2,mozc,,
釈,釋,[37320],[37323],jmdict,kd2,mozc,kd2,mozc,,
鉄,鐵,[37444],[37941],jmdict,kd2,mozc,jmdict,kd2,mozc,
鉱,鑛,[37489],[37979],jmdict,kd2,mozc,jmdict,kd2,,
銭,錢,[37549],[37666],jmdict,kd2,mozc,jmdict,kd2,,
鋭,銳,[37613],[37555],jmdict,kd2,mozc,,,,
鋳,鑄,[37619],[37956],jmdict,kd2,mozc,jmdict,kd2,mozc,
錬,鍊,[37676],[37706],jmdict,kd2,mozc,kd2,,,
録,錄,[37682],[37636],jmdict,kd2,mozc,jmdict,kd2,,
鎮,鎭,[37806],[37805],jmdict,kd2,mozc,kd2,mozc,,
関,關,[38306],[38364],jmdict,kd2,mozc,kd2,mozc,,
閲,閱,[38322],[38321],jmdict,mozc,,,,,
闘,鬪,[38360],[39722],jmdict,kd2,mozc,kd2,,,
陥,陷,[38501],[38519],jmdict,kd2,mozc,kd2,mozc,,
険,險,[38522],[38570],jmdict,mozc,kd2,mozc,,,
随,隨,[38543],[38568],jmdict,kd2,mozc,kd2,mozc,,
隠,隱,[38560],[38577],jmdict,kd2,mozc,kd2,,,
隷,隸,[38583],[38584],jmdict,kd2,mozc,kd2,mozc,,
雑,雜,[38609],[38620],jmdict,kd2,mozc,kd2,mozc,,
霊,靈,[38666],[38728],jmdict,mozc,kd2,,,,
青,靑,[38738],[38737],jmdict,kd2,mozc,,,,
静,靜,[38745],[38748],jmdict,kd2,mozc,kd2,mozc,,
頚,頸,[38938],[38968],jmdict,kd2,mozc,jmdict,kd2,mozc,
頬,頰,[38956],[38960],jmdict,kd2,mozc,jmdict,kd2,mozc,
頴,穎,[38964],[31310],kd2,mozc,jmdict,kd2,mozc,,
頼,賴,[38972],[36084],jmdict,kd2,mozc,kd2,,,
顔,顏,[38996],[38991],jmdict,mozc,jmdict,kd2,,,
顕,顯,[38997],[39023],jmdict,kd2,mozc,kd2,mozc,,
顛,顚,[39003],[39002],kd2,mozc,kd2,mozc,,,
飲,飮,[39154],[39150],jmdict,kd2,mozc,kd2,,,
餅,餠,[39173],[39200],jmdict,kd2,mozc,jmdict,kd2,,
駅,驛,[39365],[39515],jmdict,mozc,jmdict,mozc,,,
駆,驅,[39366],[39493],jmdict,kd2,mozc,kd2,mozc,,
騒,騷,[39442],[39479],jmdict,kd2,mozc,kd2,mozc,,
験,驗,[39443],[39511],jmdict,kd2,mozc,kd2,mozc,,
騨,驒,[39464],[39506],kd2,kd2,,,,,
髄,髓,[39620],[39635],jmdict,mozc,kd2,,,,
髪,髮,[39658],[39662],jmdict,kd2,mozc,kd2,,,
鯵,鰺,[39925],[39994],jmdict,kd2,mozc,jmdict,kd2,mozc,
鴎,鷗,[40206],[40407],jmdict,kd2,mozc,jmdict,kd2,mozc,
鴬,鶯,[40236],[40367],jmdict,kd2,mozc,jmdict,kd2,mozc,
鶏,鷄,[40335],[40388],jmdict,kd2,mozc,kd2,,,
鹸,鹼,[40568],[40572],kd2,kd2,,,,,
麦,麥,[40614],[40613],jmdict,kd2,mozc,kd2,mozc,,
麹,麴,[40633],[40628],jmdict,kd2,mozc,kd2,mozc,,
麺,麵,[40634],[40629],jmdict,kd2,mozc,jmdict,kd2,,
黄,黃,[40644],[40643],jmdict,kd2,mozc,kd2,,,
黒,黑,[40658],[40657],jmdict,kd2,mozc,kd2,,,
黙,默,[40665],[40664],jmdict,kd2,mozc,kd2,mozc,,
齢,齡,[40802],[40801],jmdict,kd2,mozc,kd2,mozc,,
暑,暑,[26257],[64067],,,,,,,
渚,渚,[28186],[64070],,,,,,,
諸,諸,[35576],[64034],,,,,,,
煮,煮,[29038],[64072],,,,,,,
猪,猪,[29482],[64022],,,,,,,
署,署,[32626],[64090],,,,,,,
著,著,[194975],[64095],,,,,,,
都,都,[37117],[64038],,,,,,,
祖,祖,[31062],[64080],,,,,,,
禍,禍,[31117],[64082],,,,,,,
祐,祐,[31056],[64079],,,,,,,
社,社,[31038],[64076],,,,,,,
祈,祈,[31048],[64078],,,,,,,
祉,祉,[31049],[64077],,,,,,,
福,福,[31119],[64027],,,,,,,
祝,祝,[31069],[64081],,,,,,,
祥,祥,[31077],[64026],,,,,,,
禎,禎,[31118],[64083],,,,,,,
神,神,[31070],[64025],,,,,,,
視,視,[35222],[64097],,,,,,,
者,者,[32773],[64091],,,,,,,
兎,兔,,,,,,,,,
歳,歲,,,,,,,,,
輌,輛,,,,,,,,,
