kyu,shin
啞鈴,亜鈴
闇黑,暗黒
佚樂,逸楽
綠蔭,緑陰
靈苑,霊園
臆斷,憶断
臆說,憶説
潰亂,壊乱
誡吿,戒告
廻國,回国
廻覽,回覧
廻轉,回転
蛔蟲,回虫
區劃,区画
參劃,参画
挌鬪,格闘
鬲絕,隔絶
函數,関数
巖窟,岩窟
巖頭,岩頭
巖穴,岩穴
巖壁,岩壁
巖稜,岩稜
稀釋,希釈
饑渴,飢渇
雜伎,雑技
廢墟,廃虚
馭者,御者
兇惡,凶悪
兇彈,凶弾
兇狀,凶状
邊疆,辺境
夾擊,挟撃
饗應,供応
衿帶,襟帯
繫爭,係争
繫爭,係争
繫船,係船
繫留,係留
繫累,係累
繫屬,係属
繫屬,係属
連繫,連係
聯繫,連係
闕畫,欠画
殘闕,残欠
斷乎,断固
涸渴,枯渇
宏壯,広壮
坐藥,座薬
坐禪,座禅
圓坐,円座
霰彈,散弾
檢屍,検死
屍體,死体
神洲,神州
滿洲,満州
輯錄,集録
銷暑,消暑
陞敍,昇叙
絛蟲,条虫
拔萃,抜粋
舊蹟,旧跡
戰蹟,戦跡
祕蹟,秘跡
截斷,切断
斷截,断切
擅斷,専断
敕撰,勅選
撰者,選者
當籤,当選
險岨,険阻
惣社,総社
惣髮,総髪
綜覽,総覧
頽廢,退廃
廢頽,廃退
煖爐,暖炉
煖氣,暖気
註釋,注釈
譯註,訳注
畫帖,画帳
裝釘,装丁
裝幀,装丁
牴觸,抵触
觝觸,抵触
顚覆,転覆
顚倒,転倒
顚落,転落
動顚,動転
杜絕,途絶
雜沓,雑踏
氣筩,気筒
悖德,背徳
悖戾,背戻
驅黴,駆梅
檢黴,検梅
氣魄,気迫
醱酵,発酵
活潑,活発
廣汎,広範
斑點,班点
叛亂,反乱
叛戾,反戻
鐵壜,鉄瓶
蒲團,布団
幷合,併合
幷呑,併呑
兼幷,兼併
板屛,板塀
土屛,土塀
褊狹,偏狭
續篇,続編
辮髮,弁髪
堡壘,堡塁
繃帶,包帯
鐵炮,鉄砲
旁點,傍点
樸實,朴実
戰歿,戦没
痲醉,麻酔
痲藥,麻薬
摸寫,模写
游俠,遊侠
祐筆,右筆
熔劑,溶剤
鎔劑,溶剤
熔爐,溶炉
鎔爐,溶炉
俚謠,里謡
厲聲,励声
煉藥,練薬
關聯,関連
聯彈,連弾
勞痎,労咳
貫祿,貫録
倭學,和学
倭國,和国
和學,和学
和國,和国
靈驗,霊現
均齊,均整
附錄,付録
附隨,附随
附屬,附属
不粹,無粋
硏磨,研摩
濫發,乱発
濫賣,乱売
鍛鍊,鍛練
修鍊,修練
鍊熟,練熟
鍊成,練成
鍊鐵,錬鉄
鍊磨,錬磨
鍊摩,錬磨
糺彈,糾弾
鋪裝,舗装
兇變,凶変
坐視,座視
讚辭,賛辞
讃辭,賛辞
畫讚,画賛
畫讃,画賛
稱讚,称賛
稱讃,称賛
絕讚,絶賛
絕讃,絶賛
禮讚,礼賛
禮讃,礼賛
眞蹟,真跡
尖銳,先鋭
穎才,英才
秀穎,秀英
才穎,才英
火焰,火炎
氣焰,気炎
氣焰,気炎
防焰,防炎
光焰,光炎
焰色,炎色
餘焰,余炎
餘焰,余炎
焰心,炎心
焰硝,煙硝
白堊,白亜
啞鈴,亜鈴
防遏,防圧
諳記,暗記
諳算,暗算
諳譜,暗譜
闇夜,暗夜
幽闇,幽暗
冥闇,冥暗
黯然,暗然
按分,案分
已後,以後
已上,以上
已下,以下
已前,以前
萎縮,委縮
安佚,安逸
佚書,逸書
佚文,逸文
放佚,放逸
佚遊,逸遊
淫佚,淫逸
散佚,散逸
驕佚,驕逸
樹蔭,樹陰
庇蔭,庇陰
涼蔭,涼陰
知慧,知恵
叡知,英知
陰翳,陰影
暗翳,暗影
掩護,援護
義捐,義援
墓苑,墓園
禁苑,禁園
苑池,園池
苑地,園地
敷衍,敷延
臆病,憶病
臆測,憶測
嘉日,佳日
嘉辰,佳辰
嘉節,佳節
嘉例,佳例
嘉肴,佳肴
嘉賞,佳賞
倒潰,倒壊
潰走,壊走
潰滅,壊滅
決潰,決壊
全潰,全壊
半潰,半壊
崩潰,崩壊
遺誡,遺戒
訓誡,訓戒
教誨,教戒
廻廊,回廊
廻航,回航
廻旋,回旋
廻流,回流
廻天,回天
廻心,回心
恢復,回復
洄遊,回遊
浬,海里
劃一,画一
企劃,企画
劃定,画定
劃然,画然
外廓,外郭
一廓,一郭
胸廓,胸郭
城廓,城郭
遊廓,遊郭
輪廓,輪郭
廓大,郭大
廓大,拡大
挌技,格技
骨骼,骨格
擱筆,閣筆
赫怒,嚇怒
恰好,格好
快闊,快活
快濶,快活
恐愒,恐喝
恫愒,恫喝
旱害,干害
旱天,干天
書翰,書簡
手翰,手簡
貴翰,貴簡
象嵌,象眼
交驩,交歓
巖窟,岩窟
巖頭,岩頭
巖穴,岩穴
巖壁,岩壁
巖稜,岩稜
玩味,含味
翫味,含味
稀少,希少
稀薄,希薄
稀有,希有
古稀,古希
稀世,希世
稀代,希代
稀書,希書
床几,床机
几上,机上
几下,机下
几案,机案
冀求,希求
饑餓,飢餓
饑饉,飢饉
饑寒,飢寒
毀損,棄損
破毀,破棄
徽章,記章
畸形,奇形
畸人,奇人
綺麗,奇麗
詭弁,奇弁
嬉々,喜々
伎能,技能
伎癢,技癢
情誼,情宜
恩誼,恩義
擬似,疑似
吃緊,喫緊
吃水,喫水
佶屈,詰屈
鳩合,糾合
醵出,拠出
渠魁,巨魁
制馭,制御
制禦,制御
防禦,防御
兇器,凶器
兇暴,凶暴
兇行,凶行
兇漢,凶漢
兇刃,凶刃
元兇,元凶
疆界,境界
疆土,境土
疆域,境域
鞏固,強固
饗宴,供宴
匡正,矯正
意嚮,意向
嚮後,向後
開衿,開襟
理窟,理屈
倔強,屈強
倔起,屈起
燻製,薫製
燻蒸,薫蒸
繫船,係船
繫留,係留
繫累,係累
連繫,連係
聯繫,連係
刺戟,刺激
闕字,欠字
闕如,欠如
闕文,欠文
闕本,欠本
間歇,間欠
訣別,決別
蹶起,決起
峻嶮,峻険
嶮峻,険峻
天嶮,天険
嶮難,険難
嶮所,険所
嶮路,険路
嶮要,険要
嶮阻,険阻
嶮岨,険阻
敬虔,敬謙
痃癖,肩癖
邪慳,邪険
管絃,管弦
調絃,調弦
絃歌,弦歌
三絃,三弦
儼然,厳然
眩惑,幻惑
確乎,確固
牢乎,牢固
禁錮,禁固
落伍,落後
薄倖,薄幸
昂奮,興奮
亢奮,興奮
弘報,広報
曠野,広野
宏遠,広遠
宏大,広大
宏漠,広漠
宏量,広量
扣除,控除
甦生,更生
媾和,講和
礦業,鉱業
炭礦,炭鉱
混淆,混交
鯁骨,硬骨
勾引,拘引
論攷,論考
昂揚,高揚
昂騰,高騰
亢進,高進
鴻恩,高恩
鴻恩,洪恩
濠州,豪州
嗷訴,強訴
相剋,相克
渾然,混然
渾沌,混沌
渾一,混一
昏迷,混迷
溷濁,混濁
悃望,懇望
交叉,交差
沙漠,砂漠
坐高,座高
正坐,正座
坐骨,座骨
坐礁,座礁
破摧,破砕
半截,半裁
開鑿,開削
掘鑿,掘削
鑿岩,削岩
醋酸,酢酸
木醋,木酢
撒布,散布
撒水,散水
屍骸,死骸
屍斑,死斑
屍肉,死肉
屍臭,死臭
屍毒,死毒
仔細,子細
仕合,試合
媒妁,媒酌
繻珍,朱珍
1銖,1朱
侏儒,朱儒
四洲,四州
汀洲,汀州
何洲,何州
蒐集,収集
蒐荷,集荷
蒐書,集書
群聚,群集
凝聚,凝集
聚落,集落
編輯,編集
特輯,特集
緝輯,集輯
駿才,俊才
駿足,俊足
儁秀,俊秀
芳醇,芳純
馴化,順化
銷沈,消沈
銷夏,消夏
銷却,消却
銷失,消失
銷魂,消魂
復誦,復唱
吟誦,吟唱
口誦,口唱
朗誦,朗唱
倡和,唱和
陞任,昇任
陞進,昇進
陞等,昇等
衣裳,衣装
繁昌,繁盛
庄園,荘園
庄官,荘官
秤量,称量
洗滌,洗浄
饒舌,冗舌
日蝕,日食
日食,日食
侵蝕,侵食
浸蝕,浸食
月食,月食
月蝕,月食
腐蝕,腐食
風蝕,風食
耐蝕,耐食
防蝕,防食
滲透,浸透
滲炭,浸炭
鍼灸,針灸
鍼術,針術
肝腎,肝心
訊問,尋問
食甚,食尽
奇蹟,奇跡
遺蹟,遺跡
筆蹟,筆跡
史蹟,史跡
手蹟,手跡
古蹟,古跡
半截,半切
自截,自切
截枝,切枝
煽動,扇動
尖端,先端
尖兵,先兵
僊人,仙人
尠少,鮮少
撰集,選集
新撰,新選
私撰,私選
官撰,官選
撰修,選修
特撰,特選
抽籤,抽選
疏水,疎水
疏通,疎通
疏明,疎明
疏達,疎達
沮喪,阻喪
沮止,阻止
惣領,総領
綜合,総合
剿滅,掃滅
喧噪,喧騒
狂躁,狂騒
病竈,病巣
船艙,船倉
臧匿,蔵匿
終熄,終息
簇生,族生
頽勢,退勢
衰頽,衰退
褪色,退色
颱風,台風
擡頭,台頭
負托,負託
委托,委託
依托,依託
屈托,屈託
請托,請託
脚榻,脚立
感歎,感嘆
驚歎,驚嘆
歎願,嘆願
痛歎,痛嘆
悲歎,悲嘆
慨歎,慨嘆
詠歎,詠嘆
襌衣,単衣
煖房,暖房
煖衣,暖衣
才智,才知
智識,知識
機智,機知
無智,無知
人智,人知
世智,世知
智力,知力
智能,知能
智謀,知謀
脚註,脚注
註記,注記
傍註,傍注
註解,注解
註文,注文
儲蓄,貯蓄
瀦留,貯留
帖面,帳面
手帖,手帳
紋帖,紋帳
伸暢,伸長
符牒,符丁
恰度,丁度
椿事,珍事
鄭重,丁重
根柢,根底
碇泊,停泊
顚覆,転覆
顚倒,転倒
顚落,転落
動顚,動転
香奠,香典
沈澱,沈殿
臀部,殿部
浮屠,浮図
蹈襲,踏襲
蹈破,踏破
汽筩,汽筒
癈兵,廃兵
癈人,廃人
老癈,老廃
癈疾,廃疾
悖理,背理
悖反,背反
誹風,俳風
誹諧,俳諧
黴毒,梅毒
黴雨,梅雨
脈搏,脈拍
搏動,拍動
心搏,心拍
曝露,暴露
索莫,索漠
醱酵,発酵
反撥,反発
挑撥,挑発
活潑,活発
蕃殖,繁殖
紫斑,紫斑
袢纏,半纏
叛逆,反逆
謀叛,謀反
離叛,離反
叛旗,反旗
叛軍,反軍
叛骨,反骨
叛徒,反徒
磐石,盤石
落磐,落盤
岩磐,岩盤
蕃族,蛮族
鈑金,板金
鄙見,卑見
鄙俗,卑俗
鄙劣,卑劣
野鄙,野卑
鄙猥,卑猥
鄙賤,卑賤
鄙陋,卑陋
蜚語,飛語
菲才,非才
譬喩,比喩
1疋,1匹
飄然,漂然
土壜,土瓶
茶壜,茶瓶
花壜,花瓶
燗壜,燗瓶
尿壜,尿瓶
溲壜,溲瓶
榑桑,扶桑
溥天,普天
諷刺,風刺
諷諭,風諭
扮飾,粉飾
忿怒,憤怒
忿懣,憤懣
幷合,併合
幷呑,併呑
兼幷,兼併
板屛,板塀
土屛,土塀
扁平,偏平
褊衫,偏衫
敝衣,弊衣
敝履,弊履
長篇,長編
本篇,本編
全篇,全編
短篇,短編
巨篇,巨編
掌篇,掌編
名篇,名編
篇目,編目
合辦,合弁
買辦,買弁
輔佐,補佐
輔導,補導
輔弼,補弼
輔助,補助
哺育,保育
保姆,保母
拇指,母指
抛棄,放棄
抛擲,放擲
抛却,放却
庖丁,包丁
捧持,奉持
旁注,傍注
旁註,傍注
旁線,傍線
厖大,膨大
尨大,膨大
素樸,素朴
簡樸,簡朴
古樸,古朴
質樸,質朴
樸直,朴直
病歿,病没
歿前,没前
歿後,没後
歿年,没年
死歿,死没
陣歿,陣没
生歿,生没
痲疹,麻疹
痲痺,麻痺
頑冥,頑迷
棉花,綿花
緬羊,綿羊
摸擬,模擬
摸造,模造
摸倣,模倣
臨摸,臨模
摸索,模索
摸作,模作
罔羅,網羅
共軛,共役
諷喩,風諭
風喩,風諭
浮游,浮遊
廻遊,回遊
游泳,遊泳
游弋,遊弋
群游,群遊
游動,遊動
游民,遊民
游魚,遊魚
悒鬱,憂鬱
輿論,世論
熔接,溶接
鎔接,溶接
熔岩,溶岩
鎔岩,溶岩
熔解,溶解
鎔解,溶解
熔融,溶融
鎔融,溶融
雇傭,雇用
傭船,用船
強慾,強欲
我慾,我欲
情慾,情欲
物慾,物欲
貪慾,貪欲
食慾,食欲
禁慾,禁欲
大慾,大欲
愛慾,愛欲
腐爛,腐乱
波瀾,波乱
俚言,里言
掠奪,略奪
侵掠,侵略
掠取,略取
劫掠,劫略
奪掠,奪略
蒸溜,蒸留
分溜,分留
乾溜,乾留
溜出,留出
溜分,留分
貯溜,貯留
瀦溜,貯留
根瘤,根粒
諒解,了解
諒承,了承
諒察,了察
明瞭,明了
瞭然,瞭然
車輛,車両
凌駕,陵駕
荒寥,荒涼
伎倆,技量
伎量,技量
技倆,技量
厲行,励行
披瀝,披歴
試煉,試練
洗煉,洗練
煉炭,練炭
煉丹,練丹
煉乳,練乳
精煉,精練
聯合,連合
聯盟,連盟
聯想,連想
聯絡,連絡
聯立,連立
1嗹,1連
聯係,連係
漁撈,漁労
癆痎,労咳
貫祿,貫録
倭人,和人
倭歌,和歌
倭語,和語
倭名,和名
倭朝,和朝
和人,和人
和歌,和歌
和語,和語
和名,和名
和朝,和朝
彎曲,湾曲
彎入,湾入
彎月,湾月
彎屈,湾屈
不乙,不一
個所,箇所
工合,具合
午后,午後
了簡,了見
遵守,順守
遵法,順法
膨脹,膨張
附記,附記
添附,添附
附箋,附箋
附着,附着
寄附,寄附
不精,無精
朴訥,木訥
磨滅,磨滅
磨耗,磨耗
妄信,盲信
悠然,裕然
濫用,乱用
濫造,乱造
濫獲,乱獲
濫掘,乱掘
濫伐,乱伐
濫作,乱作
濫立,乱立
練磨,練磨
練摩,練磨
烟突,煙突
小逕,小径
酒盃,酒杯
暗誦,暗唱
諳誦,暗唱
一挺,一丁
叡智,英知
廻送,回送
綺談,奇談
糺明,糾明
礦石,鉱石
坐洲,座州
讃仰,賛仰
讚美,賛美
讃美,賛美
讚歌,賛歌
讃歌,賛歌
讚嘆,賛嘆
讃嘆,賛嘆
讚歎,賛嘆
讃歎,賛嘆
自讚,自賛
自讃,自賛
賞讚,賞賛
賞讃,賞賛
色慾,色欲
性慾,性欲
情誼,情義
焦躁,焦燥
蝕甚,食尽
性慾,性欲
銓衡,選考
選衡,選考
銓考,選考
煽情,扇情
蒼惶,倉皇
蒼皇,倉皇
倉惶,倉皇
惣菜,総菜
端坐,端座
智慧,知恵
低回,低回
彽回,低回
低徊,低回
彽徊,低回
叮嚀,丁寧
磨滅,摩滅
無慾,無欲
妄動,盲動
悧巧,利口
利巧,利口
悧口,利口
理智,理知
連坐,連座
聯珠,連珠
聯邦,連邦
昂進,高進
丁寧,丁寧
丁嚀,丁寧
叮嚀,丁寧
按排,案配
按配,案配
湮滅,隠滅
堙滅,隠滅
穎才,英才
秀穎,秀英
才穎,才英
火焰,火炎
防焰,防炎
光焰,光炎
焰色,炎色
焰心,炎心
焰硝,煙硝
障碍,障害
障礙,障害
阻碍,阻害
阻礙,阻害
妨碍,妨害
妨礙,妨害
鳥瞰圖,鳥観図
稀鹽酸,希塩酸
百萬斛,百万石
畫箋紙,画仙紙
惣檢校,総検校
褪黃色,退黄色
氛圍氣,雰囲気
練り屛,練り塀
棉火藥,綿火薬
棉實油,綿実油
熔鑛爐,溶鉱炉
鎔鑛爐,溶鉱炉
被傭者,被用者
不氣味,無気味
祕密裡,秘密裏
管絃樂,管弦楽
名譽慾,名誉欲
耕耘機,耕運機
穎割れ,貝割れ
劃期的,画期的
疳高い,甲高い
嬉遊曲,喜遊曲
射倖心,射幸心
下剋上,下克上
坐椅子,座椅子
土下坐,土下座
慰藉料,慰謝料
五大洲,五大州
皆既食,皆既食
皆既蝕,皆既食
焦躁感,焦燥感
褪紅色,退紅色
割り註,割り注
空き壜,空き瓶
一升壜,一升瓶
壜詰め,瓶詰め
練り屛,練り塀
建蔽率,建坪率
橋頭堡,橋頭保
抛物線,放物線
陸地棉,陸地綿
側彎症,側湾症
油槽船,油送船
不作法,無作法
不器量,無器量
不調法,無調法
不器用,無器用
不愛想,無愛想
稀元素,希元素
稀硫酸,希硫酸
依怙地,意固地
明窓淨几,明窓浄机
二邊夾角,二辺夾角
二角夾邊,二角夾辺
戰々兢々,戦々恐々
參覲交代,参勤交代
夫倡婦隨,夫唱婦随
七顚八倒,七転八倒
七顚八起,七転八起
輾轉反側,展転反側
捧腹絕倒,抱腹絶倒
耶馬臺國,邪馬台国
劃時代的,画時代的
一攫千金,一獲千金
天下の嶮,天下の険
縡切れる,事切れる
食餌療法,食事療法
七顚八倒,七転八倒
七顚八起,七転八起
風光明媚,風光明美
旁若無人,傍若無人
熔成燐肥,溶成燐肥
鎔成燐肥,溶成燐肥
腑甲斐ない,不甲斐ない
已上,以上
以上,以上
已下,以下
以下,以下
已前,以前
以前,以前
已後,以後
以後,以後
坐職,座職
坐食,座食
坐像,座像
