さいのろジー	1851	1851	9000	妻鈍ジー
あいかん	1851	1851	9000	娃鬟
あいぎょう	1851	1851	9000	愛楽
いたずらもの	1851	1851	9000	いたずら者
いぞく	1851	1851	9000	夷俗
ひとくちあきない	1851	1851	9000	一口商い
けわいでん	1851	1851	9000	化粧殿
ばいか	1851	1851	9000	貝貨
きょうがた	1851	1851	9000	京形
かねぶくろ	1851	1851	9000	金袋
ひれ	1851	1851	9000	肩巾
ここく	1851	1851	9000	胡国
こうしんこく	1851	1851	9000	後進国
こうぎ	1851	1851	9000	公議
こうや	1851	1851	9000	甲夜
いがき	1851	1851	9000	斎垣
しおきもの	1851	1851	9000	仕置き者
しへい	1851	1851	9000	使聘
じそう	1851	1851	9000	児曹
じゅごん	1851	1851	9000	呪禁
ブおとこ	1851	1851	9000	ブ男
すみどころ	1851	1851	9000	住み所
すいたい	1851	1851	9000	衰替
せいしんはくじゃく	1851	1851	9000	精神薄弱
せいはく	1851	1851	9000	精薄
あいたいじに	1851	1851	9000	相対死
ちょうじん	1851	1851	9000	凋尽
ていかいはつこく	1851	1851	9000	低開発国
でんせんどく	1851	1851	9000	伝染毒
あだしごころ	1851	1851	9000	徒し心
にこう	1851	1851	9000	二更
ばんご	1851	1851	9000	蛮語
びしょういん	1851	1851	9000	美粧院
ひっすい	1851	1851	9000	必衰
ひゃくもんめ	1851	1851	9000	百匁
びんぼうゆるぎ	1851	1851	9000	貧乏揺るぎ
ふぐしゃ	1851	1851	9000	不具者
つきもの	1851	1851	9000	付き者
つけぢえ	1851	1851	9000	付け知恵
べっしゅ	1851	1851	9000	別趣
へんしゃ	1851	1851	9000	偏斜
ゆうそう	1851	1851	9000	幽窓
いたずき	1851	1851	9000	労き
ろうあがっこう	1851	1851	9000	聾唖学校
つんぼさじき	1851	1851	9000	つんぼ桟敷
わびこと	1851	1851	9000	佗言
はい	1851	1851	9000	佩
くるま	1851	1851	9000	俥
おしまずき	1851	1851	9000	几
えき	1851	1851	9000	奕
ねい	1851	1851	9000	佞
からめて	1851	1851	9000	搦め手
かくらん	1851	1851	9000	霍乱
しゃこ	1851	1851	9000	鷓鴣
なにがし	1851	1851	9000	何がし
きょうるい	1851	1851	9000	凶類
しゅうもち	1851	1851	9000	主持ち
とりもの	1851	1851	9000	捕り物
はたち	1851	1851	9000	２０歳
そうか	1851	1851	9000	惣嫁
かっし	1851	1851	9000	渇死
とりて	1851	1851	9000	捕り手
ててなしご	1851	1851	9000	父なし子
くれむつ	1851	1851	9000	暮れ六つ
むし	1851	1851	9000	無始
おかまいなし	1851	1851	9000	お構いなし
せんばいとっきょ	1851	1851	9000	専売特許
ぼうぐみ	1851	1851	9000	棒組み
ばんしょ	1851	1851	9000	蕃書
かつどうしゃしん	1851	1851	9000	活動写真
あおでんわ	1851	1851	9000	青電話
あさぐつ	1851	1851	9000	浅沓
かおづくり	1851	1851	9000	顔づくり
みやまざくら	1851	1851	9000	深山桜
しんびがく	1851	1851	9000	審美学
おちぐち	1851	1851	9000	落ち口
おとしばなし	1851	1851	9000	落とし噺
れんさてん	1851	1851	9000	連鎖店
はなあわせ	1851	1851	9000	花合わせ
きんちゃくきり	1851	1851	9000	巾着切り
かるくちばなし	1851	1851	9000	軽口噺
こうもうじん	1851	1851	9000	紅毛人
ろうじんせいちほう	1851	1851	9000	老人性痴呆
つじやしろ	1851	1851	9000	辻社
しんたん	1851	1851	9000	震旦
あぼう	1851	1851	9000	蛙黽
いなかざむらい	1851	1851	9000	田舎侍
いんえい	1851	1851	9000	胤裔
いんぶんいんぶ	1851	1851	9000	允文允武
うらみ	1851	1851	9000	浦回
えんしょう	1851	1851	9000	垣牆
こうじん	1851	1851	9000	黄人
おごと	1851	1851	9000	小琴
きっきょ	1851	1851	9000	拮据
きひ	1851	1851	9000	譏誹
くにづくし	1851	1851	9000	国尽くし
けいへき	1851	1851	9000	圭璧
こうき	1851	1851	9000	紅旗
こうげい	1851	1851	9000	虹霓
こうげつ	1851	1851	9000	皓月
こうこ	1851	1851	9000	亘古
こうざ	1851	1851	9000	尻座
こうりょう	1851	1851	9000	岡陵
ここのつどき	1851	1851	9000	九つ時
ごうき	1851	1851	9000	拷器
さんこく	1851	1851	9000	惨酷
しきゅう	1851	1851	9000	梓宮
しふく	1851	1851	9000	祉福
しゅくせい	1851	1851	9000	叔世
しょはん	1851	1851	9000	渚畔
じゅうき	1851	1851	9000	戎葵
じょし	1851	1851	9000	序歯
せいようしょうぎ	1851	1851	9000	西洋将棋
たいほ	1851	1851	9000	台甫
ていじゅん	1851	1851	9000	悌順
てっぱち	1851	1851	9000	鉄鉢
ひかん	1851	1851	9000	罷官
ひんうつ	1851	1851	9000	彬蔚
へいえい	1851	1851	9000	陛衛
ほうねん	1851	1851	9000	豊稔
ももちどり	1851	1851	9000	百千鳥
ようしゅん	1851	1851	9000	鷹隼
れんこう	1851	1851	9000	連亘
ろうさん	1851	1851	9000	老杉
へいほう	1851	1851	9000	弊方
ぱんピー	1851	1851	9000	般ピー
あまこう	1851	1851	9000	阿媽港
かくしどころ	1851	1851	9000	隠し所
あねぎみ	1851	1851	9000	姉君
おごうさま	1851	1851	9000	御御様
おとうとぎみ	1851	1851	9000	弟君
りゅうかんりんり	1851	1851	9000	流汗淋漓
ちょうちょうなんなん	1851	1851	9000	喋々喃々
じょちゅうぼうこう	1851	1851	9000	女中奉公
ちょううんぼう	1851	1851	9000	朝雲暮雨
ふぎみっつう	1851	1851	9000	不義密通
やくしゃこども	1851	1851	9000	役者子供
りゅうこうかがい	1851	1851	9000	柳巷花街
あおおんな	1851	1851	9000	青女
せんけつ	1851	1851	9000	羶血
ぬえどり	1851	1851	9000	鵺鳥
まぐわい	1851	1851	9000	目合ひ
うすぐれ	1851	1851	9000	薄暮れ
おつぼね	1851	1851	9000	御局
あにじゃひと	1851	1851	9000	兄者人
いっと	1851	1851	9000	一兎
マブだち	1851	1851	9000	マブ達
イルマン	1851	1851	9000	入満
ふとばら	1851	1851	9000	太腹
ちゅうどうじ	1851	1851	9000	中童子
そうぐ	1851	1851	9000	僧供
こうじいろ	1851	1851	9000	柑子色
ざんぜん	1851	1851	9000	残喘
ふうたく	1851	1851	9000	風鐸
かざみ	1851	1851	9000	汗衫
みわざ	1851	1851	9000	御業
かさかき	1851	1851	9000	瘡かき
いせこじき	1851	1851	9000	伊勢乞食
かみがたざいろく	1851	1851	9000	上方才六
ばかチョンカメラ	1851	1851	9000	馬鹿チョンカメラ
むめいこつ	1851	1851	9000	無名骨
そらびき	1851	1851	9000	空引き
そらびきばた	1851	1851	9000	空引き機
としよりしゅう	1851	1851	9000	年寄衆
しろゆもじ	1851	1851	9000	白湯文字
おうわく	1851	1851	9000	枉惑
くるわことば	1851	1851	9000	郭言葉
ありのみ	1851	1851	9000	ありの実
かくりん	1851	1851	9000	獲麟
ばかチョン	1851	1851	9000	馬鹿チョン
みくにことば	1851	1851	9000	御国言葉
やまとぶみ	1851	1851	9000	大和文
しこうろくみん	1851	1851	9000	四公六民
ななつどき	1851	1851	9000	七つ時
やつどき	1851	1851	9000	八つ時
ひじりづか	1851	1851	9000	聖柄
しこう	1851	1851	9000	四更
へいや	1851	1851	9000	丙夜
ていや	1851	1851	9000	丁夜
ぼや	1851	1851	9000	戊夜
にほんしゅぎ	1851	1851	9000	日本主義
わかしゅどう	1851	1851	9000	若衆道
にゃくどう	1851	1851	9000	若道
びどう	1851	1851	9000	美道
おさむし	1851	1851	9000	歩行虫
メッシーくん	1851	1851	9000	メッシー君
アッシーくん	1851	1851	9000	アッシー君
こうこ	1851	1851	9000	亙古
うせつ	1851	1851	9000	迂拙
るいしゅう	1851	1851	9000	累囚
なめ	1851	1851	9000	縵面
てきとう	1851	1851	9000	倜儻
こんじ	1851	1851	9000	今茲
びょうしゅん	1851	1851	9000	杪春
びょうしゅう	1851	1851	9000	杪秋
びょうとう	1851	1851	9000	杪冬
ねやごと	1851	1851	9000	閨事
すりごろも	1851	1851	9000	すり衣
しのぶずり	1851	1851	9000	信夫摺
そしし	1851	1851	9000	膂宍
ざんぜつ	1851	1851	9000	嶄絶
ぶつめつにち	1851	1851	9000	仏滅日
そうとん	1851	1851	9000	草とん
まじもの	1851	1851	9000	蠱物
まじ	1851	1851	9000	蠱
でんがくがえし	1851	1851	9000	田楽返し
だるましゅう	1851	1851	9000	達磨宗
みけつかみ	1851	1851	9000	三狐神
しでたおさ	1851	1851	9000	死出田長
うげつ	1851	1851	9000	雨月
くちぼそ	1851	1851	9000	口細
かいがね	1851	1851	9000	胛
じゅうぜんのきみ	1851	1851	9000	十善の君
ごきかぶり	1851	1851	9000	御器噛
こみら	1851	1851	9000	小韮
きさ	1851	1851	9000	蚶
ちとせどり	1851	1851	9000	千歳鳥
あしたず	1851	1851	9000	葦田鶴
もたい	1851	1851	9000	瓮
はにべ	1851	1851	9000	埴瓮
こうもうせん	1851	1851	9000	紅毛船
かなあじ	1851	1851	9000	金味
じこんいご	1851	1851	9000	自今以後
いのこ	1851	1851	9000	猪の子
から	1851	1851	9000	掛絡
あおう	1851	1851	9000	阿翁
はつしぐれ	1851	1851	9000	初時雨
すみれぐさ	1851	1851	9000	すみれ草
となみ	1851	1851	9000	門波
とうこう	1851	1851	9000	凍港
となみ	1851	1851	9000	門浪
エム	1851	1851	9000	Ｍ
さみだれぐも	1851	1851	9000	五月雨雲
まつほど	1851	1851	9000	松塊
ひなたぼこり	1851	1851	9000	日向ぼこり
とんけん	1851	1851	9000	豚犬
おいらっち	1851	1851	9000	俺等達
すずしきかた	1851	1851	9000	涼しき方
すずしきみち	1851	1851	9000	涼しき道
れいコー	1851	1851	9000	冷コー
わそう	1851	1851	9000	我僧
きょうこう	1851	1851	9000	鏡匣
ぶんこう	1851	1851	9000	文匣
はなのかんばせ	1851	1851	9000	花の顔
はなのかおばせ	1851	1851	9000	花の顔ばせ
くるるど	1851	1851	9000	枢戸
しもつけの	1851	1851	9000	下毛野
そいぼし	1851	1851	9000	添い星
かもじ	1851	1851	9000	母文字
えびかずら	1851	1851	9000	葡萄葛
かしゃばば	1851	1851	9000	火車婆
おやトモ	1851	1851	9000	親トモ
ただごと	1851	1851	9000	徒言
もちのつき	1851	1851	9000	望の月
つきたち	1851	1851	9000	月立ち
つきごもり	1851	1851	9000	月隠り
ふぐりなし	1851	1851	9000	陰嚢無し
けいもうぜったいくんしゅ	1851	1851	9000	啓蒙絶対君主
そにどり	1851	1851	9000	そに鳥
どんが	1851	1851	9000	嫩芽
ははか	1851	1851	9000	波波迦
かばざくら	1851	1851	9000	樺桜
いいがい	1851	1851	9000	飯匙
はなずもう	1851	1851	9000	花角力
かもうり	1851	1851	9000	氈瓜
ふみつぎ	1851	1851	9000	踏み継ぎ
こうこげんのていり	1851	1851	9000	勾股弦の定理
こきん	1851	1851	9000	胡琴
みさき	1851	1851	9000	御先
ゆするばち	1851	1851	9000	土蜂
めいれい	1851	1851	9000	螟蛉
すがる	1851	1851	9000	蜾蠃
かわむし	1851	1851	9000	皮虫
かん	1851	1851	9000	坎
くしろ	1851	1851	9000	釧
たまき	1851	1851	9000	手纏
あとのつき	1851	1851	9000	後の月
のちのつきみ	1851	1851	9000	後の月見
らんご	1851	1851	9000	蘭語
びくにん	1851	1851	9000	比丘尼ん
あまっちょ	1851	1851	9000	尼っちょ
しょうもんそう	1851	1851	9000	声聞僧
てんじくがく	1851	1851	9000	天竺楽
さがく	1851	1851	9000	左楽
しょうせつ	1851	1851	9000	勝絶
いんせんぽう	1851	1851	9000	陰旋法
ようせんぽう	1851	1851	9000	陽旋法
あまどり	1851	1851	9000	雨鳥
かまつか	1851	1851	9000	鎌柄
ははのみこと	1851	1851	9000	母の命
つまのみこと	1851	1851	9000	妻の命
みこのみこと	1851	1851	9000	皇子の尊
すめみま	1851	1851	9000	皇御孫
きょうほうじゃく	1851	1851	9000	享保尺
またしろうじゃく	1851	1851	9000	又四郎尺
だいしゃく	1851	1851	9000	大尺
せっちゅうじゃく	1851	1851	9000	折衷尺
こまじゃく	1851	1851	9000	高麗尺
とうしゃく	1851	1851	9000	唐尺
てんぴょうじゃく	1851	1851	9000	天平尺
しゅうしゃく	1851	1851	9000	周尺
まふつのかがみ	1851	1851	9000	真経津の鏡
やさかに	1851	1851	9000	八尺瓊
やさかにのまがたま	1851	1851	9000	八尺瓊勾玉
あた	1851	1851	9000	咫
やあた	1851	1851	9000	八咫
シャムご	1851	1851	9000	シャム語
ぬほこ	1851	1851	9000	瓊矛
あまのうきはし	1851	1851	9000	天の浮橋
おのころじま	1851	1851	9000	オノゴロ島
あまのぬほこ	1851	1851	9000	天の瓊矛
あまのみはしら	1851	1851	9000	天の御柱
やひろどの	1851	1851	9000	八尋殿
やしまくに	1851	1851	9000	八洲国
おおやしま	1851	1851	9000	大八洲
おおやしまぐに	1851	1851	9000	大八洲国
あかかがち	1851	1851	9000	赤酸漿
あまのますひと	1851	1851	9000	天の益人
ますひと	1851	1851	9000	益人
あずまあそび	1851	1851	9000	東遊び
ふとまに	1851	1851	9000	太占
さるがくのう	1851	1851	9000	猿楽能
ふなくらべ	1851	1851	9000	船競べ
よしはらえ	1851	1851	9000	善祓
あしはらえ	1851	1851	9000	悪祓
なかとみのはらえ	1851	1851	9000	中臣祓
おおぬさ	1851	1851	9000	大幣
こぬさ	1851	1851	9000	小幣
きりぬさ	1851	1851	9000	切麻
まむぎ	1851	1851	9000	真麦
ひもろぎ	1851	1851	9000	胙
ひもろぎ	1851	1851	9000	神籬
おこも	1851	1851	9000	御薦
いちのみこ	1851	1851	9000	一の御子
いわさか	1851	1851	9000	磐境
のちのいみな	1851	1851	9000	後の諱
あこめ	1851	1851	9000	衵
やつあしのつくえ	1851	1851	9000	八足の机
にわび	1851	1851	9000	庭火
つむ	1851	1851	9000	舶
とよあしはらのみずほのくに	1851	1851	9000	豊葦原瑞穂国
そこのくに	1851	1851	9000	底の国
りょうこ	1851	1851	9000	陵戸
しぬひ	1851	1851	9000	私奴婢
かんぬひ	1851	1851	9000	官奴婢
くぬひ	1851	1851	9000	公奴婢
みやつこ	1851	1851	9000	御奴
ちしお	1851	1851	9000	千入
やくさのかばね	1851	1851	9000	八色の姓
はっせい	1851	1851	9000	八姓
みちのし	1851	1851	9000	道の師
たいへき	1851	1851	9000	大辟
しもと	1851	1851	9000	葼
しょう	1851	1851	9000	抄
みせだな	1851	1851	9000	店棚
ふしのま	1851	1851	9000	節の間
にわのおしえ	1851	1851	9000	庭の訓
いくさのにわ	1851	1851	9000	軍の庭
そばにょうぼう	1851	1851	9000	側女房
すず	1851	1851	9000	篶
ひめいい	1851	1851	9000	姫飯
つき	1851	1851	9000	坏
おごう	1851	1851	9000	御御
あきつかみ	1851	1851	9000	現つ神
てなえ	1851	1851	9000	攣
ちゅうか	1851	1851	9000	中夏
あさすずみ	1851	1851	9000	朝涼み
あさすず	1851	1851	9000	朝涼
たにぐく	1851	1851	9000	谷蟆
さしぶ	1851	1851	9000	烏草樹
ところずら	1851	1851	9000	野老葛
みつのかしわ	1851	1851	9000	三角柏
におどり	1851	1851	9000	鳰鳥
まさきのかずら	1851	1851	9000	真拆の葛
まさきずら	1851	1851	9000	真拆葛
ごぜんさま	1851	1851	9000	御前様
ごおん	1851	1851	9000	五陰
いさらい	1851	1851	9000	いさら井
いささおざさ	1851	1851	9000	いささ小笹
いさらなみ	1851	1851	9000	細小波
ささらがた	1851	1851	9000	細形
なかぼそ	1851	1851	9000	中細
いささおがわ	1851	1851	9000	いささ小川
いささがわ	1851	1851	9000	いささ川
くれのおも	1851	1851	9000	呉の母
いなおおせどり	1851	1851	9000	稲負鳥
おさめふだ	1851	1851	9000	納め札
たじ	1851	1851	9000	多時
むとく	1851	1851	9000	無徳
いましき	1851	1851	9000	今しき
さにわ	1851	1851	9000	審神者
ゾーンけいしき	1851	1851	9000	ゾーン形式
とうろくしゅうめい	1851	1851	9000	登録集名
よみとりヘッド	1851	1851	9000	読み取りヘッド
ざしきいぬ	1851	1851	9000	座敷犬
おたあさま	1851	1851	9000	御母様
おもうさま	1851	1851	9000	御父様
かしり	1851	1851	9000	呪り
すあい	1851	1851	9000	牙婆
いくたち	1851	1851	9000	生大刀
こご	1851	1851	9000	故吾
こんご	1851	1851	9000	今吾
すまいびと	1851	1851	9000	相撲人
けずりばな	1851	1851	9000	削り花
さんちょう	1851	1851	9000	三鳥
ふじは	1851	1851	9000	富士派
あるじもうけ	1851	1851	9000	饗設け
じゅ	1851	1851	9000	従
いちあいいっさつ	1851	1851	9000	一挨一拶
びわのこと	1851	1851	9000	琵琶の琴
よつのお	1851	1851	9000	四つの緒
むろつみ	1851	1851	9000	室積み
よきほど	1851	1851	9000	善き程
ささがに	1851	1851	9000	細蟹
きんう	1851	1851	9000	金烏
きんうぎょくと	1851	1851	9000	金烏玉兎
げんと	1851	1851	9000	玄兎
はたて	1851	1851	9000	果たて
つるぶくろ	1851	1851	9000	弦袋
いけどし	1851	1851	9000	いけ年
こんず	1851	1851	9000	濃漿
におもい	1851	1851	9000	煮御水
どんがめ	1851	1851	9000	団亀
うつつぜめ	1851	1851	9000	現責
ギヤマンせき	1851	1851	9000	ギヤマン石
わろ	1851	1851	9000	我郎
ばたく	1851	1851	9000	馬鐸
ふとう	1851	1851	9000	斧頭
ぼうすいしゃ	1851	1851	9000	紡錘車
とんてき	1851	1851	9000	頓的
はんえん	1851	1851	9000	攀縁
まくらぞうし	1851	1851	9000	枕草紙
もろこしぶね	1851	1851	9000	唐土船
もろこしびと	1851	1851	9000	唐土人
めぐみ	1851	1851	9000	め組
めぐみのかしら	1851	1851	9000	め組の頭
はやりかぜ	1851	1851	9000	流行風邪
ようとう	1851	1851	9000	揺蕩
さん	1851	1851	9000	餐
おして	1851	1851	9000	押し手
おうりゅう	1851	1851	9000	横流
かわたれどき	1851	1851	9000	彼は誰時
けんいし	1851	1851	9000	剣石
うじのかみ	1851	1851	9000	氏上
きふ	1851	1851	9000	棋布
しぶんほう	1851	1851	9000	四分法
あいぼれ	1851	1851	9000	相惚れ
ともつひと	1851	1851	9000	友つ人
さんえきゆう	1851	1851	9000	三益友
さんそんゆう	1851	1851	9000	三損友
ようえき	1851	1851	9000	徭役
ねんしゃ	1851	1851	9000	念者
まいたん	1851	1851	9000	昧旦
つじとり	1851	1851	9000	辻取り
よばいびと	1851	1851	9000	婚人
よばいぶみ	1851	1851	9000	婚文
ねのかたすくに	1851	1851	9000	根の堅州国
はいじく	1851	1851	9000	敗衄
はなきり	1851	1851	9000	劓
けん	1851	1851	9000	壎
にっそう	1851	1851	9000	入宋
むすびじょう	1851	1851	9000	結び状
むすびぶみ	1851	1851	9000	結び文
きみ	1851	1851	9000	鬼魅
しょうきゃく	1851	1851	9000	掌客
ツマグロ	1851	1851	9000	端黒
うみうそ	1851	1851	9000	海獺
いばりぶくろ	1851	1851	9000	尿袋
ないぜんし	1851	1851	9000	内膳司
ほうたん	1851	1851	9000	宝丹
むすめぶん	1851	1851	9000	娘分
ひとくずれ	1851	1851	9000	人崩れ
わたぎぬ	1851	1851	9000	綿衣
せきれき	1851	1851	9000	石礫
きょうせい	1851	1851	9000	強盛
こぼう	1851	1851	9000	虎榜
せんり	1851	1851	9000	賤吏
えきし	1851	1851	9000	駅使
きょうく	1851	1851	9000	驚懼
あぎと	1851	1851	9000	顎門
つちすり	1851	1851	9000	腴
ししびしお	1851	1851	9000	肉醤
ふんもん	1851	1851	9000	憤悶
ぎょうかく	1851	1851	9000	暁角
こじゃく	1851	1851	9000	孤弱
おんこう	1851	1851	9000	恩幸
のぎ	1851	1851	9000	鯁
ががん	1851	1851	9000	鵞眼
ちんせき	1851	1851	9000	枕籍
むらがらす	1851	1851	9000	群烏
ひつぐう	1851	1851	9000	匹偶
ぎいん	1851	1851	9000	妓院
せんぼう	1851	1851	9000	瞻望
しう	1851	1851	9000	祠宇
しょうろう	1851	1851	9000	娼楼
やばおんな	1851	1851	9000	矢場女
ふんりゃく	1851	1851	9000	焚掠
たんれい	1851	1851	9000	貪戻
かがい	1851	1851	9000	嬥歌
あぶみがわら	1851	1851	9000	鐙瓦
ずし	1851	1851	9000	途子
かたつじょうつう	1851	1851	9000	下達上通
かたふたがり	1851	1851	9000	方塞がり
かたたがい	1851	1851	9000	方違い
かたたがえどころ	1851	1851	9000	方違へ所
じとう	1851	1851	9000	耳当
つゆのやど	1851	1851	9000	露の宿
おそごと	1851	1851	9000	嘘言
かくしおんな	1851	1851	9000	隠し女
かくしおとこ	1851	1851	9000	隠し男
つゆのやどり	1851	1851	9000	露の宿り
かんゆうち	1851	1851	9000	官有地
りょうてい	1851	1851	9000	涼亭
りろうのめい	1851	1851	9000	離婁の明
くうじゃく	1851	1851	9000	空寂
あおさば	1851	1851	9000	青鯖
いえつ	1851	1851	9000	怡悦
ついしゅつ	1851	1851	9000	追出
まつよい	1851	1851	9000	待宵
あだごころ	1851	1851	9000	徒心
はんなり	1851	1851	9000	埴破
ほろし	1851	1851	9000	ほろ子
ねぶりびと	1851	1851	9000	眠り人
うなつき	1851	1851	9000	項着
ちゅうさい	1851	1851	9000	厨宰
ぼうかろう	1851	1851	9000	望火楼
ていご	1851	1851	9000	牴牾
ねぬき	1851	1851	9000	根抜き
したっぴき	1851	1851	9000	下っ引
おかひき	1851	1851	9000	岡引き
くにもの	1851	1851	9000	国者
あぼ	1851	1851	9000	阿母
あふ	1851	1851	9000	阿父
おぐな	1851	1851	9000	童男
いど	1851	1851	9000	居処
おりどころ	1851	1851	9000	居り所
ゆきつり	1851	1851	9000	雪釣り
ももんじいや	1851	1851	9000	ももんじい屋
ぜにづかい	1851	1851	9000	銭使い
ももんじや	1851	1851	9000	ももんじ屋
せいろ	1851	1851	9000	征露
きんせん	1851	1851	9000	欣羨
ぞくりょう	1851	1851	9000	俗了
こうがけ	1851	1851	9000	首懸
えんすい	1851	1851	9000	淵酔
おんなみこ	1851	1851	9000	女御子
おとこみこ	1851	1851	9000	男御子
ちいさわらわ	1851	1851	9000	小さ童
はちすのはい	1851	1851	9000	蓮の蔤
はい	1851	1851	9000	蔤
とびこ	1851	1851	9000	飛び子
かけくら	1851	1851	9000	駆け競
にらめくら	1851	1851	9000	睨め競
たびこ	1851	1851	9000	旅子
こっとう	1851	1851	9000	兀頭
とくいば	1851	1851	9000	得意場
うけやど	1851	1851	9000	請宿
りょうげのかん	1851	1851	9000	令外の官
たらちめ	1851	1851	9000	垂乳女
おくつきどころ	1851	1851	9000	奥つ城所
げん	1851	1851	9000	監
しょうげん	1851	1851	9000	少監
ひるめ	1851	1851	9000	日孁
きぬぎぬ	1851	1851	9000	衣々
のちのあした	1851	1851	9000	後の朝
かれむぐら	1851	1851	9000	枯葎
かどすずみ	1851	1851	9000	門涼み
れいだい	1851	1851	9000	霊台
れいだいろう	1851	1851	9000	霊台郎
てんもんはかせ	1851	1851	9000	天文博士
とうがさ	1851	1851	9000	唐瘡
かけかまい	1851	1851	9000	掛け構い
たいさい	1851	1851	9000	大才
ほうもつ	1851	1851	9000	捧物
ままいも	1851	1851	9000	継妹
ういこうぶり	1851	1851	9000	初冠
めしたきおんな	1851	1851	9000	飯炊き女
ゆうかい	1851	1851	9000	幽怪
えたりがお	1851	1851	9000	得たり顔
よくでん	1851	1851	9000	浴殿
ようばいそう	1851	1851	9000	楊梅瘡
せきぶね	1851	1851	9000	関船
かどづけうた	1851	1851	9000	門付歌
とりおいぼう	1851	1851	9000	鳥追棒
ついがき	1851	1851	9000	築垣
うまばどの	1851	1851	9000	馬場殿
ついたてしょうじ	1851	1851	9000	衝立障子
ふかく	1851	1851	9000	負郭
とびすぎ	1851	1851	9000	飛過
ひばりぼね	1851	1851	9000	雲雀骨
まるこぶね	1851	1851	9000	丸子船
てっぺいおし	1851	1851	9000	天辺押し
こうきょ	1851	1851	9000	惶遽
しょうひ	1851	1851	9000	少婢
ぎょし	1851	1851	9000	御旨
のばくち	1851	1851	9000	野博打
けんしゅう	1851	1851	9000	妍醜
くさわら	1851	1851	9000	草藁
しねつ	1851	1851	9000	熾熱
そうは	1851	1851	9000	蒼波
ふきのの	1851	1851	9000	拭布
じどうでんわ	1851	1851	9000	自動電話
かみふり	1851	1851	9000	髪振
てほんがみ	1851	1851	9000	手本紙
とだなぶろ	1851	1851	9000	戸棚風呂
たれぬの	1851	1851	9000	垂れ布
きゃふ	1851	1851	9000	脚布
けきりいし	1851	1851	9000	毛切り石
へやがた	1851	1851	9000	部屋方
びんさし	1851	1851	9000	鬢差し
かいほう	1851	1851	9000	壊崩
じかろ	1851	1851	9000	地火炉
さぶるこ	1851	1851	9000	さぶる児
さぶるおとめ	1851	1851	9000	さぶる少女
かかえて	1851	1851	9000	抱え手
たつみげいしゃ	1851	1851	9000	辰巳芸者
ゆうこうじょふ	1851	1851	9000	遊行女婦
ないきょうぼう	1851	1851	9000	内教坊
ちゅうさん	1851	1851	9000	昼三
やぶいり	1851	1851	9000	薮入り
いきがお	1851	1851	9000	生き顔
かりこ	1851	1851	9000	かり子
よきひと	1851	1851	9000	よき人
さかきげん	1851	1851	9000	酒機嫌
ゆさんじょ	1851	1851	9000	遊山所
けっこうしゃ	1851	1851	9000	結構者
まちかご	1851	1851	9000	町駕籠
ちゃぶね	1851	1851	9000	茶船
くつわや	1851	1851	9000	轡屋
たどころ	1851	1851	9000	田荘
こうさく	1851	1851	9000	視告朔
こうじ	1851	1851	9000	垢膩
はく	1851	1851	9000	帛
さかさクラゲ	1851	1851	9000	逆さクラゲ
ちしゅん	1851	1851	9000	遅春
しゅんちゅう	1851	1851	9000	春昼
いてどけ	1851	1851	9000	凍て解け
かみありづき	1851	1851	9000	神在月
れいげつ	1851	1851	9000	令月
ふるおうぎ	1851	1851	9000	古扇
みずきょうげん	1851	1851	9000	水狂言
かびや	1851	1851	9000	鹿火屋
しゅこう	1851	1851	9000	主公
はたたがみ	1851	1851	9000	霹靂神
ちんじゅ	1851	1851	9000	椿寿
つゆさむ	1851	1851	9000	露寒
きんや	1851	1851	9000	禁野
さげじゅう	1851	1851	9000	提げ重
りつだん	1851	1851	9000	立談
うりび	1851	1851	9000	売り日
ものまえ	1851	1851	9000	物前
きがさ	1851	1851	9000	気嵩
あなたがた	1851	1851	9000	彼方方
きさがい	1851	1851	9000	蚶貝
ゆきぎえ	1851	1851	9000	雪消え
さんぼんじろ	1851	1851	9000	三盆白
ろしゃ	1851	1851	9000	廬舎
くまがし	1851	1851	9000	熊樫
もうせい	1851	1851	9000	猛勢
しぎょう	1851	1851	9000	嗣業
こんやく	1851	1851	9000	困厄
もんちゅうじょ	1851	1851	9000	問注所
ようきゅうてん	1851	1851	9000	楊弓店
こうてい	1851	1851	9000	抗抵
ぎゅうなべや	1851	1851	9000	牛鍋屋
ねんゆう	1851	1851	9000	念友
ねんにん	1851	1851	9000	念人
であいやど	1851	1851	9000	出合い宿
ひきてぢゃや	1851	1851	9000	引手茶屋
せいかく	1851	1851	9000	醒覚
たてごと	1851	1851	9000	立琴
しゅうごしょう	1851	1851	9000	醜語症
もちつつじ	1851	1851	9000	黐躑躅
ざつがく	1851	1851	9000	雑楽
カミナリぞく	1851	1851	9000	カミナリ族
いっしょう	1851	1851	9000	一宵
てんぺんちよう	1851	1851	9000	天変地夭
けんどう	1851	1851	9000	萱堂
はくすいろう	1851	1851	9000	白水郎
なぎ	1851	1851	9000	水葱
まもりびと	1851	1851	9000	守り人
しゅごにん	1851	1851	9000	守護人
もっきつ	1851	1851	9000	勿吉
はしばのけむり	1851	1851	9000	橋場の煙
ろうじんせいちほうしょう	1851	1851	9000	老人性痴呆症
くいつみ	1851	1851	9000	食積み
せんとうごしょ	1851	1851	9000	仙洞御所
よめがきみ	1851	1851	9000	嫁が君
ういごと	1851	1851	9000	初事
ふちゃ	1851	1851	9000	普茶
からざけ	1851	1851	9000	苦酒
きまもり	1851	1851	9000	木守り
よもぎがしま	1851	1851	9000	蓬が島
こっかえき	1851	1851	9000	黒化液
ほいとう	1851	1851	9000	陪堂
はりばかま	1851	1851	9000	張袴
にょうぼうしょうぞく	1851	1851	9000	女房装束
おこわ	1851	1851	9000	お強
ゆとり	1851	1851	9000	湯取り
はたもとはちまんき	1851	1851	9000	旗本八万騎
おなわ	1851	1851	9000	お縄
しらはたけ	1851	1851	9000	白癩
こくらい	1851	1851	9000	黒癩
すわりふとん	1851	1851	9000	坐り蒲団
おとおじ	1851	1851	9000	阿叔
かんそん	1851	1851	9000	旱損
やど	1851	1851	9000	屋前
じこんじご	1851	1851	9000	而今而後
かんぶんくんどくぶん	1851	1851	9000	漢文訓読文
くんどくぶん	1851	1851	9000	訓読文
ふとたまぐし	1851	1851	9000	太玉串
たける	1851	1851	9000	梟帥
むらぎもの	1851	1851	9000	群肝の
いけいけ	1851	1851	9000	行け行け
くしみたま	1851	1851	9000	奇御魂
しょううん	1851	1851	9000	昌運
しょうきさん	1851	1851	9000	正気散
ほりきり	1851	1851	9000	堀切り
はいしょう	1851	1851	9000	拝請
おんなだて	1851	1851	9000	女伊達
おくに	1851	1851	9000	お国
かのきし	1851	1851	9000	彼の岸
おきなぐさ	1851	1851	9000	おきな草
くまでばば	1851	1851	9000	熊手婆
くまでしょう	1851	1851	9000	熊手性
のろ	1851	1851	9000	野ろ
ざいり	1851	1851	9000	座入り
なつなか	1851	1851	9000	夏中
いきぐみ	1851	1851	9000	意気組
おもとじ	1851	1851	9000	母刀自
じたい	1851	1851	9000	地体
くびつき	1851	1851	9000	首付き
うつけ	1851	1851	9000	虚け
おちみず	1851	1851	9000	変若水
おやきかちん	1851	1851	9000	御焼き餅
まぶし	1851	1851	9000	目伏し
まぶし	1851	1851	9000	射翳
いたずらびと	1851	1851	9000	徒人
らいえつ	1851	1851	9000	来謁
らいかん	1851	1851	9000	来簡
らいごう	1851	1851	9000	来降
らいし	1851	1851	9000	耒耜
あいあいかご	1851	1851	9000	相合駕籠
あいえん	1851	1851	9000	合縁
ぐんじ	1851	1851	9000	軍持
ほいかご	1851	1851	9000	ほい駕籠
ほういん	1851	1851	9000	芳韻
ほうえん	1851	1851	9000	芳縁
かこ	1851	1851	9000	か具
かたい	1851	1851	9000	靴帯
ちょうきん	1851	1851	9000	朝菌
あいごし	1851	1851	9000	相輿
ふん	1851	1851	9000	芬
かいさく	1851	1851	9000	晦朔
あいねん	1851	1851	9000	愛念
ついぶ	1851	1851	9000	追捕
さんだん	1851	1851	9000	讃談
かえもん	1851	1851	9000	替え紋
とっぱ	1851	1851	9000	透破
すっぱ	1851	1851	9000	素っ破
もそろ	1851	1851	9000	醨
めゆい	1851	1851	9000	目結
あまはだ	1851	1851	9000	甘肌
くそぶくろ	1851	1851	9000	糞袋
くそかずら	1851	1851	9000	糞葛
きゅうくつぶくろ	1851	1851	9000	窮屈袋
うごろもち	1851	1851	9000	鼹鼠
かくびょう	1851	1851	9000	脚病
うしろごと	1851	1851	9000	後ろ言
かえりごと	1851	1851	9000	返り言
あてこと	1851	1851	9000	当て言
いえごと	1851	1851	9000	家言
おうち	1851	1851	9000	楝
すてごろし	1851	1851	9000	捨て殺し
あふ	1851	1851	9000	亜父
みたまのふゆ	1851	1851	9000	恩賚
さしごえ	1851	1851	9000	差し声
けいしん	1851	1851	9000	京津
このいと	1851	1851	9000	此の糸
このかみごころ	1851	1851	9000	兄心
このきみ	1851	1851	9000	此の君
そのいろづき	1851	1851	9000	其色月
えんそ	1851	1851	9000	塩噌
けのにこもの	1851	1851	9000	毛の柔物
あいだもの	1851	1851	9000	間物
かんし	1851	1851	9000	敢死
きし	1851	1851	9000	気死
ちんてい	1851	1851	9000	椿庭
ちんどう	1851	1851	9000	椿堂
いもじ	1851	1851	9000	い文字
うしのつのもじ	1851	1851	9000	牛の角文字
おすもじ	1851	1851	9000	御す文字
こもじ	1851	1851	9000	こ文字
さもじ	1851	1851	9000	さ文字
みだりかぜ	1851	1851	9000	乱り風
あさはら	1851	1851	9000	朝腹
かえことば	1851	1851	9000	代詞
からことば	1851	1851	9000	唐語
かふう	1851	1851	9000	火風
かいまん	1851	1851	9000	海漫
じゅうくにち	1851	1851	9000	１９日
おとこがな	1851	1851	9000	男仮名
おんながな	1851	1851	9000	女仮名
こどもしゅう	1851	1851	9000	子供衆
かきま	1851	1851	9000	垣間
あきないや	1851	1851	9000	商屋
ジャガタラじま	1851	1851	9000	ジャガタラ縞
だまりぼう	1851	1851	9000	黙坊
しりまくり	1851	1851	9000	尻捲
ごんてき	1851	1851	9000	権的
ひどの	1851	1851	9000	樋殿
しょうがいじ	1851	1851	9000	小孩児
こうかく	1851	1851	9000	好客
きょくべ	1851	1851	9000	曲屁
へっぴりおとこ	1851	1851	9000	屁放男
ゆきうち	1851	1851	9000	雪打ち
あかつきおき	1851	1851	9000	暁起き
うんちゃ	1851	1851	9000	雲茶
おばじゃひと	1851	1851	9000	伯母者人
ふひ	1851	1851	9000	浮費
きょうこうにん	1851	1851	9000	凶行人
さよなか	1851	1851	9000	小夜中
だいじょ	1851	1851	9000	大女
かべくさ	1851	1851	9000	壁草
あるきがみ	1851	1851	9000	歩き神
えやみ	1851	1851	9000	疫病み
ときのけ	1851	1851	9000	ときの気
くにたまのかみ	1851	1851	9000	国魂神
がもん	1851	1851	9000	衙門
がふ	1851	1851	9000	衙府
ひなびと	1851	1851	9000	鄙人
しふん	1851	1851	9000	屎糞
けんもん	1851	1851	9000	券文
さいぼう	1851	1851	9000	撮棒
うねめのつかさ	1851	1851	9000	采女司
うねめのかみ	1851	1851	9000	采女正
うねめのしょう	1851	1851	9000	采女佑
そぶつ	1851	1851	9000	衣物
ういぼうこう	1851	1851	9000	初奉公
じょうぎ	1851	1851	9000	常着
うまよろい	1851	1851	9000	馬鎧
びんそぎ	1851	1851	9000	鬢削ぎ
ささやきごと	1851	1851	9000	囁き言
はぼね	1851	1851	9000	歯骨
はんば	1851	1851	9000	斑馬
はなづの	1851	1851	9000	鼻角
あいざかり	1851	1851	9000	愛盛り
なみだがわ	1851	1851	9000	涙川
さりげ	1851	1851	9000	然り気
けんじゅつしゃ	1851	1851	9000	剣術者
てなし	1851	1851	9000	手なし
こくわ	1851	1851	9000	木鍬
からねこ	1851	1851	9000	唐猫
じし	1851	1851	9000	児子
すいきく	1851	1851	9000	推鞠
しいし	1851	1851	9000	四至
あじゃら	1851	1851	9000	戯
れいじょう	1851	1851	9000	嶺上
こうじょう	1851	1851	9000	黄壌
えんてい	1851	1851	9000	淵底
きげん	1851	1851	9000	奇幻
みょうろん	1851	1851	9000	妙論
おろおぼえ	1851	1851	9000	疎覚え
もみ	1851	1851	9000	鼯鼠
がいじんづま	1851	1851	9000	外人妻
みみぶくろ	1851	1851	9000	耳袋
ぼうそつ	1851	1851	9000	亡卒
たいかん	1851	1851	9000	太監
けんれい	1851	1851	9000	黔黎
れいみん	1851	1851	9000	黎民
れいげん	1851	1851	9000	黎元
よごみ	1851	1851	9000	夜込み
はなづか	1851	1851	9000	鼻塚
ないい	1851	1851	9000	内衣
かくてい	1851	1851	9000	角觝
かべがき	1851	1851	9000	壁書き
つきのつるぎ	1851	1851	9000	月の剣
ゴボウけん	1851	1851	9000	ゴボウ剣
そうけん	1851	1851	9000	霜剣
ふるば	1851	1851	9000	古葉
みかまぎ	1851	1851	9000	御薪
たけのその	1851	1851	9000	竹の園
じょじつ	1851	1851	9000	除日
くるまぞう	1851	1851	9000	車僧
こゆみひき	1851	1851	9000	小弓引
すがるおとめ	1851	1851	9000	蜾蠃少女
いとびんやっこ	1851	1851	9000	糸鬢奴
おうろう	1851	1851	9000	黄蝋
しょうちく	1851	1851	9000	小畜
こんこう	1851	1851	9000	婚交
こんごう	1851	1851	9000	婚合
おおゆや	1851	1851	9000	大湯屋
のりぐち	1851	1851	9000	乗り口
さしなわ	1851	1851	9000	差し縄
くじょう	1851	1851	9000	公請
ウルトラシー	1851	1851	9000	ウルトラＣ
おさなすがた	1851	1851	9000	幼姿
ひつ	1851	1851	9000	必
いやいとこ	1851	1851	9000	弥従兄弟
てんそ	1851	1851	9000	天鼠
きぼう	1851	1851	9000	期望
あしはらのなかつくに	1851	1851	9000	葦原中国
しちゅうし	1851	1851	9000	司厨士
しちゅうちょう	1851	1851	9000	司厨長
かきおちば	1851	1851	9000	柿落葉
かきあげじろ	1851	1851	9000	掻き揚げ城
セイミ	1851	1851	9000	舎密
ちゃんころ	1851	1851	9000	銭ころ
こうかく	1851	1851	9000	考覈
えきし	1851	1851	9000	駅子
かりんせん	1851	1851	9000	火輪船
うんかく	1851	1851	9000	雲客
げっけい	1851	1851	9000	月卿
えいご	1851	1851	9000	衛護
いへん	1851	1851	9000	違変
しゅうちょう	1851	1851	9000	終朝
にってんし	1851	1851	9000	日天子
がってんし	1851	1851	9000	月天子
げっきゅうでん	1851	1851	9000	月宮殿
さるめんかんじゃ	1851	1851	9000	猿面冠者
むかいばら	1851	1851	9000	向かい腹
ゆいがみ	1851	1851	9000	結い髪
いのしかちょう	1851	1851	9000	猪鹿蝶
らっぱ	1851	1851	9000	乱波
かんせい	1851	1851	9000	汗青
わこと	1851	1851	9000	我事
こころおち	1851	1851	9000	心落ち
らくす	1851	1851	9000	絡子
とこじょうず	1851	1851	9000	床上手
まちびけし	1851	1851	9000	町火消し
さりゃく	1851	1851	9000	作略
ほうぎ	1851	1851	9000	方技
てんもんみっそう	1851	1851	9000	天文密奏
ぐんさい	1851	1851	9000	軍才
きえい	1851	1851	9000	虧盈
おかべ	1851	1851	9000	御壁
おだいばん	1851	1851	9000	御台盤
おめぐり	1851	1851	9000	御廻
おまん	1851	1851	9000	御饅
すもじ	1851	1851	9000	す文字
にもじ	1851	1851	9000	に文字
ゆかりのいろ	1851	1851	9000	縁の色
みちのしり	1851	1851	9000	道の後
みちのくち	1851	1851	9000	道の口
さわち	1851	1851	9000	皿鉢
むらぎり	1851	1851	9000	村切り
えひめ	1851	1851	9000	兄姫
ばいけん	1851	1851	9000	売券
うりこやど	1851	1851	9000	売子宿
はしうらがき	1851	1851	9000	端裏書
ちょうり	1851	1851	9000	長吏
だいはかせ	1851	1851	9000	大博士
くがい	1851	1851	9000	公廨
しょくろく	1851	1851	9000	食禄
しょくほう	1851	1851	9000	食俸
すいこ	1851	1851	9000	出挙
とくしつ	1851	1851	9000	篤疾
うんきゃく	1851	1851	9000	運脚
しょうちょう	1851	1851	9000	少丁
ちゅうなん	1851	1851	9000	中男
かこ	1851	1851	9000	課戸
うぶご	1851	1851	9000	産子
そうせん	1851	1851	9000	奏薦
らんが	1851	1851	9000	蘭画
フイフイきょう	1851	1851	9000	回回教
バテレンしゅう	1851	1851	9000	伴天連宗
あねじゃひと	1851	1851	9000	姉者人
あねじゃ	1851	1851	9000	姉者
だいや	1851	1851	9000	台屋
だいのもの	1851	1851	9000	台の物
しょうじ	1851	1851	9000	床子
いぬあわせ	1851	1851	9000	犬合わせ
てんがい	1851	1851	9000	碾磑
だいしょうじ	1851	1851	9000	大床子
すてふだ	1851	1851	9000	捨て札
おうじょう	1851	1851	9000	圧状
ぼうしょ	1851	1851	9000	謀書
はやつけぎ	1851	1851	9000	早付け木
くっき	1851	1851	9000	崛起
ゆうじょう	1851	1851	9000	揖譲
かいせい	1851	1851	9000	魁星
こうい	1851	1851	9000	垢衣
せいれつ	1851	1851	9000	星列
そでまくら	1851	1851	9000	袖枕
けいたいりょうまつ	1851	1851	9000	携帯糧秣
かんどく	1851	1851	9000	簡牘
にわば	1851	1851	9000	庭場
こくどう	1851	1851	9000	哭慟
いもすけ	1851	1851	9000	芋助
かってアプリ	1851	1851	9000	勝手アプリ
めいご	1851	1851	9000	謎語
えいびん	1851	1851	9000	穎敏
アンゲリア	1851	1851	9000	諳厄利亜
コロリ	1851	1851	9000	虎狼痢
なんばんしゅう	1851	1851	9000	南蛮宗
ダイウス	1851	1851	9000	提宇子
ふんえい	1851	1851	9000	墳塋
しゃしょ	1851	1851	9000	赦書
きょうしょ	1851	1851	9000	校書
おさん	1851	1851	9000	お三
おさんどん	1851	1851	9000	お三どん
ひたいがね	1851	1851	9000	額金
まっこう	1851	1851	9000	抹額
ようにん	1851	1851	9000	遥任
めくわせ	1851	1851	9000	眴せ
もんもん	1851	1851	9000	紋々
さっせい	1851	1851	9000	箚青
あきぐるま	1851	1851	9000	空き車
すめらみこと	1851	1851	9000	皇尊
ひきょう	1851	1851	9000	比興
りゅうぎん	1851	1851	9000	竜吟
よこめし	1851	1851	9000	横メシ
いもほりぼうず	1851	1851	9000	芋掘り坊主
かんかんぼうず	1851	1851	9000	かんかん坊主
いくちよ	1851	1851	9000	幾千代
にくさ	1851	1851	9000	肉叉
しょむ	1851	1851	9000	所務
ていとう	1851	1851	9000	蝃蝀
とうぼし	1851	1851	9000	唐法師
ちちじゃひと	1851	1851	9000	父者人
ははじゃ	1851	1851	9000	母者
せいかん	1851	1851	9000	青漢
こんてい	1851	1851	9000	昆弟
あおがね	1851	1851	9000	青金
めじゃもの	1851	1851	9000	めじゃ者
これしゃ	1851	1851	9000	此れ者
せいようカルタ	1851	1851	9000	西洋骨牌
ようじゃ	1851	1851	9000	妖邪
えどげいしゃ	1851	1851	9000	江戸芸者
しちけつ	1851	1851	9000	七穴
ちゃくしゅ	1851	1851	9000	搩手
はたけがたな	1851	1851	9000	畑刀
したつき	1851	1851	9000	舌つき
ぎょうこつ	1851	1851	9000	髐骨
つび	1851	1851	9000	𡱖
しつらい	1851	1851	9000	室礼
けいかん	1851	1851	9000	髻鬟
ぎじ	1851	1851	9000	疑弐
ふくじ	1851	1851	9000	副弐
しゅうしょう	1851	1851	9000	繍匠
にょいはかせ	1851	1851	9000	女医博士
ががんせん	1851	1851	9000	鵝眼銭
ひにゅう	1851	1851	9000	飛入
こあるき	1851	1851	9000	小歩き
いはん	1851	1851	9000	遺範
ごない	1851	1851	9000	五内
えんゆう	1851	1851	9000	遠猷
からもの	1851	1851	9000	辛物
ようふん	1851	1851	9000	妖氛
いせ	1851	1851	9000	五十瀬
ながぼえ	1851	1851	9000	長吠え
おおまつりごと	1851	1851	9000	太政
ざんそう	1851	1851	9000	讒奏
ばいぜん	1851	1851	9000	陪膳
どうかん	1851	1851	9000	童丱
あげおとり	1851	1851	9000	上げ劣り
あげまさり	1851	1851	9000	上げ優り
おおみみ	1851	1851	9000	大耳
かいせつ	1851	1851	9000	回雪
ためなみだ	1851	1851	9000	溜め涙
やみ	1851	1851	9000	野味
たんし	1851	1851	9000	箪食
やまとことのは	1851	1851	9000	大和言の葉
ぎげ	1851	1851	9000	義解
しぎょう	1851	1851	9000	志業
へんこ	1851	1851	9000	変故
しんぼう	1851	1851	9000	榛莽
どうこう	1851	1851	9000	同庚
そがん	1851	1851	9000	素願
そぼう	1851	1851	9000	素望
ひほ	1851	1851	9000	裨補
しゅく	1851	1851	9000	衆苦
そばめ	1851	1851	9000	側女
てかけおんな	1851	1851	9000	手掛け女
しょく	1851	1851	9000	諸苦
くと	1851	1851	9000	狗屠
とじ	1851	1851	9000	屠児
とし	1851	1851	9000	屠死
とじん	1851	1851	9000	屠人
とりく	1851	1851	9000	屠戮
そい	1851	1851	9000	素衣
へだてごころ	1851	1851	9000	隔て心
そう	1851	1851	9000	疎雨
そう	1851	1851	9000	叟
ひんせい	1851	1851	9000	貧生
ちょうてき	1851	1851	9000	糶糴
しょくえ	1851	1851	9000	触穢
いもうとぎみ	1851	1851	9000	妹君
くにところ	1851	1851	9000	国所
しょうじょ	1851	1851	9000	生所
なまずりょう	1851	1851	9000	生受領
せちみ	1851	1851	9000	節忌
そうがち	1851	1851	9000	草勝ち
うえじ	1851	1851	9000	植え字
しにいき	1851	1851	9000	死に生き
ひき	1851	1851	9000	非器
みずみまい	1851	1851	9000	水見舞い
ふもつ	1851	1851	9000	賻物
しょういん	1851	1851	9000	承允
たたきわけ	1851	1851	9000	叩き分け
あまみだいどころ	1851	1851	9000	尼御台所
きんしゅ	1851	1851	9000	焮腫
りびょう	1851	1851	9000	痢病
しはく	1851	1851	9000	詩伯
きゅうき	1851	1851	9000	窮鬼
にいはだ	1851	1851	9000	新肌
しごう	1851	1851	9000	詩豪
こころやぶれ	1851	1851	9000	心傷
こうひ	1851	1851	9000	皇妣
そひ	1851	1851	9000	祖妣
ぐちゅう	1851	1851	9000	禺中
まなぶみ	1851	1851	9000	真名文
めんめ	1851	1851	9000	目んめ
ひとくいうま	1851	1851	9000	人食い馬
むばい	1851	1851	9000	無媒
こんれい	1851	1851	9000	很戻
へいさい	1851	1851	9000	兵災
りぐん	1851	1851	9000	離群
ななしゆび	1851	1851	9000	名無し指
かくろ	1851	1851	9000	覚路
てきちょく	1851	1851	9000	彳亍
とらのひ	1851	1851	9000	寅の日
うのひ	1851	1851	9000	卯の日
やよいきょうげん	1851	1851	9000	弥生狂言
へいしょう	1851	1851	9000	嬖妾
あだもの	1851	1851	9000	婀娜者
かいしゃ	1851	1851	9000	会者
ついまつ	1851	1851	9000	続松
おいちょ	1851	1851	9000	追丁
かふ	1851	1851	9000	華府
トリックさつえい	1851	1851	9000	トリック撮影
たんじつ	1851	1851	9000	旦日
れつじ	1851	1851	9000	列次
はつげん	1851	1851	9000	発源
ときはいろ	1851	1851	9000	鴇羽色
あしぬき	1851	1851	9000	足抜き
しゅびき	1851	1851	9000	朱引き
どろぼうまわり	1851	1851	9000	泥棒回り
かいん	1851	1851	9000	下淫
じょういん	1851	1851	9000	上淫
ぼうえいしょく	1851	1851	9000	防衛食
せいきょう	1851	1851	9000	聖経
ほしし	1851	1851	9000	脯
がひょう	1851	1851	9000	餓莩
へいこう	1851	1851	9000	兵甲
そしょく	1851	1851	9000	蔬食
そし	1851	1851	9000	疎食
いんじょ	1851	1851	9000	淫女
ぶあいさつ	1851	1851	9000	不挨拶
ことどころ	1851	1851	9000	異所
うたごえきっさ	1851	1851	9000	歌声喫茶
うつりん	1851	1851	9000	鬱林
かつど	1851	1851	9000	黠奴
きょうがらす	1851	1851	9000	京烏
うつしおみ	1851	1851	9000	現人
ききょ	1851	1851	9000	箕踞
とのうつり	1851	1851	9000	殿移り
たかび	1851	1851	9000	剣柄
こころぐせ	1851	1851	9000	心癖
ぎゃくしつ	1851	1851	9000	瘧疾
はなつづき	1851	1851	9000	花津月
しゅき	1851	1851	9000	腫気
からしお	1851	1851	9000	辛塩
しただみ	1851	1851	9000	小羸子
しょうじょ	1851	1851	9000	商女
うらす	1851	1851	9000	浦州
ごたい	1851	1851	9000	御体
ひなつぼし	1851	1851	9000	火夏星
かんぞく	1851	1851	9000	貫属
しゅうだおし	1851	1851	9000	主倒し
けいこく	1851	1851	9000	熒惑
いちえいいちらく	1851	1851	9000	一栄一落
りりょう	1851	1851	9000	驪竜
あわぶく	1851	1851	9000	泡ぶく
ごけいろん	1851	1851	9000	語形論
きゅうぎじょう	1851	1851	9000	球戯場
ばんこく	1851	1851	9000	蛮国
わかい	1851	1851	9000	和諧
りち	1851	1851	9000	理致
もうじん	1851	1851	9000	毛人
みず	1851	1851	9000	針孔
さいろう	1851	1851	9000	災潦
ひやしコーヒー	1851	1851	9000	冷やしコーヒー
いしばり	1851	1851	9000	石針
ゆえつ	1851	1851	9000	踰越
ほうひ	1851	1851	9000	芳菲
こくせい	1851	1851	9000	哭声
つうけい	1851	1851	9000	通経
ひなさき	1851	1851	9000	雛頭
ちょうしゅう	1851	1851	9000	朝集
いしくれ	1851	1851	9000	石くれ
いつへ	1851	1851	9000	厳瓮
ひんそ	1851	1851	9000	貧素
ひひん	1851	1851	9000	妃嬪
ぐかん	1851	1851	9000	愚管
かか	1851	1851	9000	華夏
そなえだて	1851	1851	9000	備立て
じんぞなえ	1851	1851	9000	陣備え
しょきゅう	1851	1851	9000	書笈
かんしょ	1851	1851	9000	関雎
ゆじ	1851	1851	9000	諛辞
かいよう	1851	1851	9000	懐孕
さとおさ	1851	1851	9000	里長
れきしゃ	1851	1851	9000	暦者
ろたん	1851	1851	9000	露探
けんきん	1851	1851	9000	献芹
あげふね	1851	1851	9000	揚船
しゅつやく	1851	1851	9000	出役
じんすい	1851	1851	9000	腎水
よきもの	1851	1851	9000	良きもの
みおも	1851	1851	9000	御母
なまセラ	1851	1851	9000	生セラ
かえるで	1851	1851	9000	蛙手
ねんきぼうこうにん	1851	1851	9000	年季奉公人
わきぼね	1851	1851	9000	脇骨
あふよう	1851	1851	9000	阿芙蓉
はなかぜ	1851	1851	9000	鼻風
しゅうりょう	1851	1851	9000	酋領
けっか	1851	1851	9000	闕下
しばみ	1851	1851	9000	芝見
いちのうで	1851	1851	9000	一の腕
はしゃ	1851	1851	9000	跛者
おとこあるじ	1851	1851	9000	男主
しきやみ	1851	1851	9000	頻闇
あおでんしゃ	1851	1851	9000	青電車
はくロシアご	1851	1851	9000	白ロシア語
みつくち	1851	1851	9000	三つ口
しなふく	1851	1851	9000	支那服
くちすい	1851	1851	9000	口吸い
まもりて	1851	1851	9000	守り手
かいば	1851	1851	9000	介馬
しなもじ	1851	1851	9000	支那文字
ひとおと	1851	1851	9000	人音
かたすくに	1851	1851	9000	堅州国
すめらみくに	1851	1851	9000	皇御国
おじさま	1851	1851	9000	おじ様
ひがらかさ	1851	1851	9000	日唐傘
ひこう	1851	1851	9000	被甲
ごくし	1851	1851	9000	獄司
こんよ	1851	1851	9000	坤輿
みやこがた	1851	1851	9000	都方
ほうきゅう	1851	1851	9000	報仇
ほうとうか	1851	1851	9000	放蕩家
しょうたい	1851	1851	9000	商隊
ちわぶみ	1851	1851	9000	痴話文
もじごえ	1851	1851	9000	文字声
いさりぶね	1851	1851	9000	漁り船
かき	1851	1851	9000	嫁期
かき	1851	1851	9000	花気
ぐしん	1851	1851	9000	愚臣
ぶたかい	1851	1851	9000	豚飼い
ちゃくじょ	1851	1851	9000	嫡女
だんし	1851	1851	9000	弾糸
よちず	1851	1851	9000	輿地図
かずけもの	1851	1851	9000	被け物
みなうら	1851	1851	9000	水占
ちょうずば	1851	1851	9000	手水場
せきのうゆ	1851	1851	9000	石脳油
むすびのかみ	1851	1851	9000	産霊の神
はつげんち	1851	1851	9000	発源地
いさば	1851	1851	9000	五十集
しゅうけん	1851	1851	9000	周圏
ろうねんちほう	1851	1851	9000	老年痴呆
せっき	1851	1851	9000	殺鬼
わらわあそび	1851	1851	9000	童遊び
せいどう	1851	1851	9000	成童
きっと	12	12	9000	屹度
まな	12	12	9000	勿
おのれと	12	12	9000	己と
ひたた	12	12	9000	纔
しのびしのび	12	12	9000	忍び忍び
ちよにやちよに	12	12	9000	千代に八千代に
うかり	12	12	9000	浮かり
しくしく	12	12	9000	頻く頻く
さのみ	12	12	9000	然のみ
つゆばかり	12	12	9000	露ばかり
とくとく	12	12	9000	疾く疾く
なんぼう	12	12	9000	何ぼう
ひらさら	12	12	9000	平更
とてもかくても	12	12	9000	迚も斯くても
かいくれ	12	12	9000	掻い暮れ
はっし	12	12	9000	発止
あいぜん	12	12	9000	靄然
あんぜん	12	12	9000	晏然
いぜん	12	12	9000	怡然
おうぜん	12	12	9000	汪然
おうぜん	12	12	9000	旺然
がいぜん	12	12	9000	駭然
かくぜん	12	12	9000	赫然
かんぜん	12	12	9000	渙然
かんぜん	12	12	9000	莞然
かんぜん	12	12	9000	歓然
きぜん	12	12	9000	喟然
きょうぜん	12	12	9000	恟然
きょうぜん	12	12	9000	跫然
きょぜん	12	12	9000	遽然
げんぜん	12	12	9000	泫然
げき	12	12	9000	闃
しゅくはく	2591	2591	9000	粛白
さしったり	2591	2591	9000	然知ったり
もうしもうし	2591	2591	9000	申し申し
のう	2591	2591	9000	喃
あんないもう	2591	2591	9000	案内申
よきかな	2591	2591	9000	善き哉
よいかな	2591	2591	9000	善い哉
このアマ	2591	2591	9000	この尼
オッケーぼくじょう	2591	2591	9000	ＯＫ牧場
いっぺん	1949	1949	9000	一偏
そうこう	1949	1949	9000	叢考
ちゅうなごん	1920	1920	7500	中納言
いかい	1920	1920	7500	位階
ひょうぶしょう	1920	1920	7500	兵部省
ないだいじん	1920	1920	7500	内大臣
ぎょうぶしょう	1920	1920	7500	刑部省
ずりょう	1920	1920	7500	受領
うだいじん	1920	1920	7500	右大臣
こくし	1920	1920	7500	国司
だいなごん	1920	1920	7500	大納言
おおくらしょう	1920	1920	7500	大蔵省
だいじょうだいじん	1920	1920	7500	太政大臣
だじょうかん	1920	1920	7500	太政官
くないしょう	1920	1920	7500	宮内省
しょうなごん	1920	1920	7500	少納言
さだいじん	1920	1920	7500	左大臣
しきぶしょう	1920	1920	7500	式部省
りつりょう	1920	1920	7500	律令
じゅさんみ	1920	1920	7500	従三位
せっせい	1920	1920	7500	摂政
けびいし	1920	1920	7500	検非違使
しょうさんみ	1920	1920	7500	正三位
みんぶしょう	1920	1920	7500	民部省
じぶしょう	1920	1920	7500	治部省
くろうど	1920	1920	7500	蔵人
かんぱく	1920	1920	7500	関白
しょういちい	1920	1920	7500	正一位
じゅいちい	1920	1920	7500	従一位
しょうにい	1920	1920	7500	正二位
じゅにい	1920	1920	7500	従二位
しょうしい	1920	1920	7500	正四位
じゅしい	1920	1920	7500	従四位
しょうごい	1920	1920	7500	正五位
じゅごい	1920	1920	7500	従五位
しょうろくい	1920	1920	7500	正六位
じゅろくい	1920	1920	7500	従六位
しょうしちい	1920	1920	7500	正七位
じゅしちい	1920	1920	7500	従七位
しょうはちい	1920	1920	7500	正八位
じゅはちい	1920	1920	7500	従八位
だいそい	1920	1920	7500	大初位
しょうそい	1920	1920	7500	少初位
くろうどのとう	1920	1920	7500	蔵人頭
このえふ	1920	1920	7500	近衛府
さこんえふ	1920	1920	7500	左近衛府
うこんえふ	1920	1920	7500	右近衛府
さこんえのだいしょう	1920	1920	7500	左近衛大将
うこんえのだいしょう	1920	1920	7500	右近衛大将
さこんえのちゅうじょう	1920	1920	7500	左近衛中将
うこんえのちゅうじょう	1920	1920	7500	右近衛中将
てんぴょうしょうほう	1920	1920	7500	天平勝宝
てんぴょうじんご	1920	1920	7500	天平神護
てんぴょうほうじ	1920	1920	7500	天平宝字
じんごけいうん	1920	1920	7500	神護景雲
じょうきゅう	1920	1920	7500	承久
ちょうきょう	1920	1920	7500	長享
じょうりゃく	1920	1920	7500	承暦
きょうとく	1920	1920	7500	享徳
りゃくにん	1920	1920	7500	暦仁
てんぎょう	1920	1920	7500	天慶
てんちょう	1920	1920	7500	天長
えんきょう	1920	1920	7500	延享
きょうろく	1920	1920	7500	享禄
えいしょう	1920	1920	7500	永承
じょうがん	1920	1920	7500	貞観
じょうげん	1920	1920	7500	承元
じょうへい	1920	1920	7500	承平
こうりゃく	1920	1920	7500	康暦
じょうほう	1920	1920	7500	承保
てんしょう	1920	1920	7500	天承
えんきょう	1920	1920	7500	延慶
しょうおう	1920	1920	7500	正応
ちょうかん	1920	1920	7500	長寛
じょうおう	1920	1920	7500	貞応
えいきょう	1920	1920	7500	永享
けんりゃく	1920	1920	7500	建暦
けんきゅう	1920	1920	7500	建久
げんりゃく	1920	1920	7500	元暦
りゃくおう	1920	1920	7500	暦応
ぶんりゃく	1920	1920	7500	文暦
にんあん	1920	1920	7500	仁安
さいこう	1920	1920	7500	斉衡
かしょう	1920	1920	7500	嘉承
てんよう	1920	1920	7500	天養
おうほう	1920	1920	7500	応保
えいまん	1920	1920	7500	永万
げんにん	1920	1920	7500	元仁
じしょう	1920	1920	7500	治承
けんえい	1920	1920	7500	建永
じょうわ	1920	1920	7500	承和
けんぽう	1920	1920	7500	建保
こうほう	1920	1920	7500	康保
じりゃく	1920	1920	7500	治暦
おうとく	1920	1920	7500	応徳
こうおう	1920	1920	7500	康応
てんえん	1920	1920	7500	天延
かりゃく	1920	1920	7500	嘉暦
ぶんおう	1920	1920	7500	文応
かんぽう	1920	1920	7500	寛保
てんえい	1920	1920	7500	天永
げんおう	1920	1920	7500	元応
えんおう	1920	1920	7500	延応
けんげん	1920	1920	7500	乾元
かんのう	1920	1920	7500	観応
えんぶん	1920	1920	7500	延文
こうあん	1920	1920	7500	康安
おうあん	1920	1920	7500	応安
えいろく	1920	1920	7500	永禄
ほうれき	1920	1920	7500	宝暦
げんき	1920	1920	7500	元亀
ほうじ	1920	1920	7500	宝治
ぶんき	1920	1920	7500	文亀
てんぎ	1920	1920	7500	天喜
かてい	1920	1920	7500	嘉禎
てんじ	1920	1920	7500	天治
れいき	1920	1920	7500	霊亀
はくち	1920	1920	7500	白雉
じんむてんのう	1921	1921	7500	神武天皇
すいぜいてんのう	1921	1921	7500	綏靖天皇
あんねいてんのう	1921	1921	7500	安寧天皇
いとくてんのう	1921	1921	7500	懿徳天皇
こうしょうてんのう	1921	1921	7500	孝昭天皇
こうあんてんのう	1921	1921	7500	孝安天皇
こうれいてんのう	1921	1921	7500	孝霊天皇
こうげんてんのう	1921	1921	7500	孝元天皇
かいかてんのう	1921	1921	7500	開化天皇
すじんてんのう	1921	1921	7500	崇神天皇
すいにんてんのう	1921	1921	7500	垂仁天皇
けいこうてんのう	1921	1921	7500	景行天皇
せいむてんのう	1921	1921	7500	成務天皇
ちゅうあいてんのう	1921	1921	7500	仲哀天皇
おうじんてんのう	1921	1921	7500	応神天皇
にんとくてんのう	1921	1921	7500	仁徳天皇
りちゅうてんのう	1921	1921	7500	履中天皇
はんぜいてんのう	1921	1921	7500	反正天皇
いんぎょうてんのう	1921	1921	7500	允恭天皇
あんこうてんのう	1921	1921	7500	安康天皇
ゆうりゃくてんのう	1921	1921	7500	雄略天皇
せいねいてんのう	1921	1921	7500	清寧天皇
けんぞうてんのう	1921	1921	7500	顕宗天皇
にんけんてんのう	1921	1921	7500	仁賢天皇
ぶれつてんのう	1921	1921	7500	武烈天皇
けいたいてんのう	1921	1921	7500	継体天皇
あんかんてんのう	1921	1921	7500	安閑天皇
せんかてんのう	1921	1921	7500	宣化天皇
きんめいてんのう	1921	1921	7500	欽明天皇
びだつてんのう	1921	1921	7500	敏達天皇
ようめいてんのう	1921	1921	7500	用明天皇
すしゅんてんのう	1921	1921	7500	崇峻天皇
すいこてんのう	1921	1921	7500	推古天皇
じょめいてんのう	1921	1921	7500	舒明天皇
こうぎょくてんのう	1921	1921	7500	皇極天皇
こうとくてんのう	1921	1921	7500	孝徳天皇
さいめいてんのう	1921	1921	7500	斉明天皇
てんじてんのう	1921	1921	7500	天智天皇
こうぶんてんのう	1921	1921	7500	弘文天皇
てんむてんのう	1921	1921	7500	天武天皇
じとうてんのう	1921	1921	7500	持統天皇
もんむてんのう	1921	1921	7500	文武天皇
げんめいてんのう	1921	1921	7500	元明天皇
げんしょうてんのう	1921	1921	7500	元正天皇
しょうむてんのう	1921	1921	7500	聖武天皇
こうけんてんのう	1921	1921	7500	孝謙天皇
じゅんにんてんのう	1921	1921	7500	淳仁天皇
しょうとくてんのう	1921	1921	7500	称徳天皇
こうにんてんのう	1921	1921	7500	光仁天皇
かんむてんのう	1921	1921	7500	桓武天皇
へいぜいてんのう	1921	1921	7500	平城天皇
さがてんのう	1921	1921	7500	嵯峨天皇
じゅんなてんのう	1921	1921	7500	淳和天皇
にんみょうてんのう	1921	1921	7500	仁明天皇
もんとくてんのう	1921	1921	7500	文徳天皇
せいわてんのう	1921	1921	7500	清和天皇
ようぜいてんのう	1921	1921	7500	陽成天皇
こうこうてんのう	1921	1921	7500	光孝天皇
うだてんのう	1921	1921	7500	宇多天皇
だいごてんのう	1921	1921	7500	醍醐天皇
すざくてんのう	1921	1921	7500	朱雀天皇
むらかみてんのう	1921	1921	7500	村上天皇
れいぜいてんのう	1921	1921	7500	冷泉天皇
えんゆうてんのう	1921	1921	7500	円融天皇
かざんてんのう	1921	1921	7500	花山天皇
いちじょうてんのう	1921	1921	7500	一条天皇
さんじょうてんのう	1921	1921	7500	三条天皇
ごいちじょうてんのう	1921	1921	7500	後一条天皇
ごすざくてんのう	1921	1921	7500	後朱雀天皇
ごれいぜいてんのう	1921	1921	7500	後冷泉天皇
ごさんじょうてんのう	1921	1921	7500	後三条天皇
しらかわてんのう	1921	1921	7500	白河天皇
ほりかわてんのう	1921	1921	7500	堀河天皇
とばてんのう	1921	1921	7500	鳥羽天皇
すとくてんのう	1921	1921	7500	崇徳天皇
このえてんのう	1921	1921	7500	近衛天皇
ごしらかわてんのう	1921	1921	7500	後白河天皇
にじょうてんのう	1921	1921	7500	二条天皇
ろくじょうてんのう	1921	1921	7500	六条天皇
たかくらてんのう	1921	1921	7500	高倉天皇
あんとくてんのう	1921	1921	7500	安徳天皇
ごとばてんのう	1921	1921	7500	後鳥羽天皇
つちみかどてんのう	1921	1921	7500	土御門天皇
じゅんとくてんのう	1921	1921	7500	順徳天皇
ちゅうきょうてんのう	1921	1921	7500	仲恭天皇
ごほりかわてんのう	1921	1921	7500	後堀河天皇
しじょうてんのう	1921	1921	7500	四条天皇
ごさがてんのう	1921	1921	7500	後嵯峨天皇
ごふかくさてんのう	1921	1921	7500	後深草天皇
かめやまてんのう	1921	1921	7500	亀山天皇
ごうだてんのう	1921	1921	7500	後宇多天皇
ふしみてんのう	1921	1921	7500	伏見天皇
ごふしみてんのう	1921	1921	7500	後伏見天皇
ごにじょうてんのう	1921	1921	7500	後二条天皇
はなぞのてんのう	1921	1921	7500	花園天皇
ごだいごてんのう	1921	1921	7500	後醍醐天皇
ごむらかみてんのう	1921	1921	7500	後村上天皇
ちょうけいてんのう	1921	1921	7500	長慶天皇
ごかめやまてんのう	1921	1921	7500	後亀山天皇
こうごんてんのう	1921	1921	7500	光厳天皇
こうみょうてんのう	1921	1921	7500	光明天皇
すこうてんのう	1921	1921	7500	崇光天皇
ごこうごんてんのう	1921	1921	7500	後光厳天皇
ごえんゆうてんのう	1921	1921	7500	後円融天皇
ごこまつてんのう	1921	1921	7500	後小松天皇
しょうこうてんのう	1921	1921	7500	称光天皇
ごはなぞのてんのう	1921	1921	7500	後花園天皇
ごつちみかどてんのう	1921	1921	7500	後土御門天皇
ごかしわばらてんのう	1921	1921	7500	後柏原天皇
ごならてんのう	1921	1921	7500	後奈良天皇
おおぎまちてんのう	1921	1921	7500	正親町天皇
ごようぜいてんのう	1921	1921	7500	後陽成天皇
ごみずのおてんのう	1921	1921	7500	後水尾天皇
めいしょうてんのう	1921	1921	7500	明正天皇
ごこうみょうてんのう	1921	1921	7500	後光明天皇
ごさいてんのう	1921	1921	7500	後西天皇
れいげんてんのう	1921	1921	7500	霊元天皇
ひがしやまてんのう	1921	1921	7500	東山天皇
なかみかどてんのう	1921	1921	7500	中御門天皇
さくらまちてんのう	1921	1921	7500	桜町天皇
ももぞのてんのう	1921	1921	7500	桃園天皇
ごさくらまちてんのう	1921	1921	7500	後桜町天皇
ごももぞのてんのう	1921	1921	7500	後桃園天皇
こうかくてんのう	1921	1921	7500	光格天皇
にんこうてんのう	1921	1921	7500	仁孝天皇
こうめいてんのう	1921	1921	7500	孝明天皇
めいじてんのう	1921	1921	7500	明治天皇
たいしょうてんのう	1921	1921	7500	大正天皇
しょうわてんのう	1921	1921	7500	昭和天皇
